{"name":"crm-app","classpathEntries":[{"kind":"binary","path":"C:\\Program Files\\Java\\jdk-13.0.2\\lib\\jrt-fs.jar","sourceContainerUrl":"file:/C:/Program%20Files/Java/jdk-13.0.2/lib/src.zip","javadocContainerUrl":"https://docs.oracle.com/javase/13/docs/api/","isSystem":true,"isOwn":false,"isTest":false,"isJavaContent":false},{"kind":"binary","path":"C:\\Users\\Lenovo\\.m2\\repository\\org\\springframework\\spring-webmvc\\5.2.5.RELEASE\\spring-webmvc-5.2.5.RELEASE.jar","sourceContainerUrl":"file:/C:/Users/Lenovo/.m2/repository/org/springframework/spring-webmvc/5.2.5.RELEASE/spring-webmvc-5.2.5.RELEASE-sources.jar","javadocContainerUrl":"file:/C:/Users/Lenovo/.m2/repository/org/springframework/spring-webmvc/5.2.5.RELEASE/spring-webmvc-5.2.5.RELEASE-javadoc.jar","isSystem":false,"isOwn":false,"isTest":false,"isJavaContent":false},{"kind":"binary","path":"C:\\Users\\Lenovo\\.m2\\repository\\org\\springframework\\spring-aop\\5.2.5.RELEASE\\spring-aop-5.2.5.RELEASE.jar","sourceContainerUrl":"file:/C:/Users/Lenovo/.m2/repository/org/springframework/spring-aop/5.2.5.RELEASE/spring-aop-5.2.5.RELEASE-sources.jar","javadocContainerUrl":"file:/C:/Users/Lenovo/.m2/repository/org/springframework/spring-aop/5.2.5.RELEASE/spring-aop-5.2.5.RELEASE-javadoc.jar","isSystem":false,"isOwn":false,"isTest":false,"isJavaContent":false},{"kind":"binary","path":"C:\\Users\\Lenovo\\.m2\\repository\\org\\springframework\\spring-beans\\5.2.5.RELEASE\\spring-beans-5.2.5.RELEASE.jar","sourceContainerUrl":"file:/C:/Users/Lenovo/.m2/repository/org/springframework/spring-beans/5.2.5.RELEASE/spring-beans-5.2.5.RELEASE-sources.jar","javadocContainerUrl":"file:/C:/Users/Lenovo/.m2/repository/org/springframework/spring-beans/5.2.5.RELEASE/spring-beans-5.2.5.RELEASE-javadoc.jar","isSystem":false,"isOwn":false,"isTest":false,"isJavaContent":false},{"kind":"binary","path":"C:\\Users\\Lenovo\\.m2\\repository\\org\\springframework\\spring-context\\5.2.5.RELEASE\\spring-context-5.2.5.RELEASE.jar","sourceContainerUrl":"file:/C:/Users/Lenovo/.m2/repository/org/springframework/spring-context/5.2.5.RELEASE/spring-context-5.2.5.RELEASE-sources.jar","javadocContainerUrl":"file:/C:/Users/Lenovo/.m2/repository/org/springframework/spring-context/5.2.5.RELEASE/spring-context-5.2.5.RELEASE-javadoc.jar","isSystem":false,"isOwn":false,"isTest":false,"isJavaContent":false},{"kind":"binary","path":"C:\\Users\\Lenovo\\.m2\\repository\\org\\springframework\\spring-core\\5.2.5.RELEASE\\spring-core-5.2.5.RELEASE.jar","sourceContainerUrl":"file:/C:/Users/Lenovo/.m2/repository/org/springframework/spring-core/5.2.5.RELEASE/spring-core-5.2.5.RELEASE-sources.jar","javadocContainerUrl":"file:/C:/Users/Lenovo/.m2/repository/org/springframework/spring-core/5.2.5.RELEASE/spring-core-5.2.5.RELEASE-javadoc.jar","isSystem":false,"isOwn":false,"isTest":false,"isJavaContent":false},{"kind":"binary","path":"C:\\Users\\Lenovo\\.m2\\repository\\org\\springframework\\spring-jcl\\5.2.5.RELEASE\\spring-jcl-5.2.5.RELEASE.jar","sourceContainerUrl":"file:/C:/Users/Lenovo/.m2/repository/org/springframework/spring-jcl/5.2.5.RELEASE/spring-jcl-5.2.5.RELEASE-sources.jar","javadocContainerUrl":"file:/C:/Users/Lenovo/.m2/repository/org/springframework/spring-jcl/5.2.5.RELEASE/spring-jcl-5.2.5.RELEASE-javadoc.jar","isSystem":false,"isOwn":false,"isTest":false,"isJavaContent":false},{"kind":"binary","path":"C:\\Users\\Lenovo\\.m2\\repository\\org\\springframework\\spring-expression\\5.2.5.RELEASE\\spring-expression-5.2.5.RELEASE.jar","sourceContainerUrl":"file:/C:/Users/Lenovo/.m2/repository/org/springframework/spring-expression/5.2.5.RELEASE/spring-expression-5.2.5.RELEASE-sources.jar","javadocContainerUrl":"file:/C:/Users/Lenovo/.m2/repository/org/springframework/spring-expression/5.2.5.RELEASE/spring-expression-5.2.5.RELEASE-javadoc.jar","isSystem":false,"isOwn":false,"isTest":false,"isJavaContent":false},{"kind":"binary","path":"C:\\Users\\Lenovo\\.m2\\repository\\org\\springframework\\spring-web\\5.2.5.RELEASE\\spring-web-5.2.5.RELEASE.jar","sourceContainerUrl":"file:/C:/Users/Lenovo/.m2/repository/org/springframework/spring-web/5.2.5.RELEASE/spring-web-5.2.5.RELEASE-sources.jar","javadocContainerUrl":"file:/C:/Users/Lenovo/.m2/repository/org/springframework/spring-web/5.2.5.RELEASE/spring-web-5.2.5.RELEASE-javadoc.jar","isSystem":false,"isOwn":false,"isTest":false,"isJavaContent":false},{"kind":"binary","path":"C:\\Users\\Lenovo\\.m2\\repository\\org\\springframework\\spring-tx\\5.2.5.RELEASE\\spring-tx-5.2.5.RELEASE.jar","sourceContainerUrl":"file:/C:/Users/Lenovo/.m2/repository/org/springframework/spring-tx/5.2.5.RELEASE/spring-tx-5.2.5.RELEASE-sources.jar","javadocContainerUrl":"file:/C:/Users/Lenovo/.m2/repository/org/springframework/spring-tx/5.2.5.RELEASE/spring-tx-5.2.5.RELEASE-javadoc.jar","isSystem":false,"isOwn":false,"isTest":false,"isJavaContent":false},{"kind":"binary","path":"C:\\Users\\Lenovo\\.m2\\repository\\org\\springframework\\spring-orm\\5.2.5.RELEASE\\spring-orm-5.2.5.RELEASE.jar","sourceContainerUrl":"file:/C:/Users/Lenovo/.m2/repository/org/springframework/spring-orm/5.2.5.RELEASE/spring-orm-5.2.5.RELEASE-sources.jar","javadocContainerUrl":"file:/C:/Users/Lenovo/.m2/repository/org/springframework/spring-orm/5.2.5.RELEASE/spring-orm-5.2.5.RELEASE-javadoc.jar","isSystem":false,"isOwn":false,"isTest":false,"isJavaContent":false},{"kind":"binary","path":"C:\\Users\\Lenovo\\.m2\\repository\\org\\springframework\\spring-jdbc\\5.2.5.RELEASE\\spring-jdbc-5.2.5.RELEASE.jar","sourceContainerUrl":"file:/C:/Users/Lenovo/.m2/repository/org/springframework/spring-jdbc/5.2.5.RELEASE/spring-jdbc-5.2.5.RELEASE-sources.jar","javadocContainerUrl":"file:/C:/Users/Lenovo/.m2/repository/org/springframework/spring-jdbc/5.2.5.RELEASE/spring-jdbc-5.2.5.RELEASE-javadoc.jar","isSystem":false,"isOwn":false,"isTest":false,"isJavaContent":false},{"kind":"binary","path":"C:\\Users\\Lenovo\\.m2\\repository\\com\\fasterxml\\jackson\\core\\jackson-databind\\2.11.0.rc1\\jackson-databind-2.11.0.rc1.jar","sourceContainerUrl":"file:/C:/Users/Lenovo/.m2/repository/com/fasterxml/jackson/core/jackson-databind/2.11.0.rc1/jackson-databind-2.11.0.rc1-sources.jar","javadocContainerUrl":"file:/C:/Users/Lenovo/.m2/repository/com/fasterxml/jackson/core/jackson-databind/2.11.0.rc1/jackson-databind-2.11.0.rc1-javadoc.jar","isSystem":false,"isOwn":false,"isTest":false,"isJavaContent":false},{"kind":"binary","path":"C:\\Users\\Lenovo\\.m2\\repository\\com\\fasterxml\\jackson\\core\\jackson-annotations\\2.11.0.rc1\\jackson-annotations-2.11.0.rc1.jar","sourceContainerUrl":"file:/C:/Users/Lenovo/.m2/repository/com/fasterxml/jackson/core/jackson-annotations/2.11.0.rc1/jackson-annotations-2.11.0.rc1-sources.jar","javadocContainerUrl":"file:/C:/Users/Lenovo/.m2/repository/com/fasterxml/jackson/core/jackson-annotations/2.11.0.rc1/jackson-annotations-2.11.0.rc1-javadoc.jar","isSystem":false,"isOwn":false,"isTest":false,"isJavaContent":false},{"kind":"binary","path":"C:\\Users\\Lenovo\\.m2\\repository\\com\\fasterxml\\jackson\\core\\jackson-core\\2.11.0.rc1\\jackson-core-2.11.0.rc1.jar","sourceContainerUrl":"file:/C:/Users/Lenovo/.m2/repository/com/fasterxml/jackson/core/jackson-core/2.11.0.rc1/jackson-core-2.11.0.rc1-sources.jar","javadocContainerUrl":"file:/C:/Users/Lenovo/.m2/repository/com/fasterxml/jackson/core/jackson-core/2.11.0.rc1/jackson-core-2.11.0.rc1-javadoc.jar","isSystem":false,"isOwn":false,"isTest":false,"isJavaContent":false},{"kind":"binary","path":"C:\\Users\\Lenovo\\.m2\\repository\\org\\hibernate\\hibernate-core\\5.4.14.Final\\hibernate-core-5.4.14.Final.jar","sourceContainerUrl":"file:/C:/Users/Lenovo/.m2/repository/org/hibernate/hibernate-core/5.4.14.Final/hibernate-core-5.4.14.Final-sources.jar","javadocContainerUrl":"file:/C:/Users/Lenovo/.m2/repository/org/hibernate/hibernate-core/5.4.14.Final/hibernate-core-5.4.14.Final-javadoc.jar","isSystem":false,"isOwn":false,"isTest":false,"isJavaContent":false},{"kind":"binary","path":"C:\\Users\\Lenovo\\.m2\\repository\\org\\jboss\\logging\\jboss-logging\\3.3.2.Final\\jboss-logging-3.3.2.Final.jar","sourceContainerUrl":"file:/C:/Users/Lenovo/.m2/repository/org/jboss/logging/jboss-logging/3.3.2.Final/jboss-logging-3.3.2.Final-sources.jar","javadocContainerUrl":"file:/C:/Users/Lenovo/.m2/repository/org/jboss/logging/jboss-logging/3.3.2.Final/jboss-logging-3.3.2.Final-javadoc.jar","isSystem":false,"isOwn":false,"isTest":false,"isJavaContent":false},{"kind":"binary","path":"C:\\Users\\Lenovo\\.m2\\repository\\javax\\persistence\\javax.persistence-api\\2.2\\javax.persistence-api-2.2.jar","sourceContainerUrl":"file:/C:/Users/Lenovo/.m2/repository/javax/persistence/javax.persistence-api/2.2/javax.persistence-api-2.2-sources.jar","javadocContainerUrl":"file:/C:/Users/Lenovo/.m2/repository/javax/persistence/javax.persistence-api/2.2/javax.persistence-api-2.2-javadoc.jar","isSystem":false,"isOwn":false,"isTest":false,"isJavaContent":false},{"kind":"binary","path":"C:\\Users\\Lenovo\\.m2\\repository\\org\\javassist\\javassist\\3.24.0-GA\\javassist-3.24.0-GA.jar","sourceContainerUrl":"file:/C:/Users/Lenovo/.m2/repository/org/javassist/javassist/3.24.0-GA/javassist-3.24.0-GA-sources.jar","javadocContainerUrl":"file:/C:/Users/Lenovo/.m2/repository/org/javassist/javassist/3.24.0-GA/javassist-3.24.0-GA-javadoc.jar","isSystem":false,"isOwn":false,"isTest":false,"isJavaContent":false},{"kind":"binary","path":"C:\\Users\\Lenovo\\.m2\\repository\\net\\bytebuddy\\byte-buddy\\1.10.7\\byte-buddy-1.10.7.jar","sourceContainerUrl":"file:/C:/Users/Lenovo/.m2/repository/net/bytebuddy/byte-buddy/1.10.7/byte-buddy-1.10.7-sources.jar","javadocContainerUrl":"file:/C:/Users/Lenovo/.m2/repository/net/bytebuddy/byte-buddy/1.10.7/byte-buddy-1.10.7-javadoc.jar","isSystem":false,"isOwn":false,"isTest":false,"isJavaContent":false},{"kind":"binary","path":"C:\\Users\\Lenovo\\.m2\\repository\\antlr\\antlr\\2.7.7\\antlr-2.7.7.jar","isSystem":false,"isOwn":false,"isTest":false,"isJavaContent":false},{"kind":"binary","path":"C:\\Users\\Lenovo\\.m2\\repository\\org\\jboss\\spec\\javax\\transaction\\jboss-transaction-api_1.2_spec\\1.1.1.Final\\jboss-transaction-api_1.2_spec-1.1.1.Final.jar","sourceContainerUrl":"file:/C:/Users/Lenovo/.m2/repository/org/jboss/spec/javax/transaction/jboss-transaction-api_1.2_spec/1.1.1.Final/jboss-transaction-api_1.2_spec-1.1.1.Final-sources.jar","javadocContainerUrl":"file:/C:/Users/Lenovo/.m2/repository/org/jboss/spec/javax/transaction/jboss-transaction-api_1.2_spec/1.1.1.Final/jboss-transaction-api_1.2_spec-1.1.1.Final-javadoc.jar","isSystem":false,"isOwn":false,"isTest":false,"isJavaContent":false},{"kind":"binary","path":"C:\\Users\\Lenovo\\.m2\\repository\\org\\jboss\\jandex\\2.1.1.Final\\jandex-2.1.1.Final.jar","sourceContainerUrl":"file:/C:/Users/Lenovo/.m2/repository/org/jboss/jandex/2.1.1.Final/jandex-2.1.1.Final-sources.jar","isSystem":false,"isOwn":false,"isTest":false,"isJavaContent":false},{"kind":"binary","path":"C:\\Users\\Lenovo\\.m2\\repository\\com\\fasterxml\\classmate\\1.5.1\\classmate-1.5.1.jar","sourceContainerUrl":"file:/C:/Users/Lenovo/.m2/repository/com/fasterxml/classmate/1.5.1/classmate-1.5.1-sources.jar","javadocContainerUrl":"file:/C:/Users/Lenovo/.m2/repository/com/fasterxml/classmate/1.5.1/classmate-1.5.1-javadoc.jar","isSystem":false,"isOwn":false,"isTest":false,"isJavaContent":false},{"kind":"binary","path":"C:\\Users\\Lenovo\\.m2\\repository\\javax\\activation\\javax.activation-api\\1.2.0\\javax.activation-api-1.2.0.jar","sourceContainerUrl":"file:/C:/Users/Lenovo/.m2/repository/javax/activation/javax.activation-api/1.2.0/javax.activation-api-1.2.0-sources.jar","javadocContainerUrl":"file:/C:/Users/Lenovo/.m2/repository/javax/activation/javax.activation-api/1.2.0/javax.activation-api-1.2.0-javadoc.jar","isSystem":false,"isOwn":false,"isTest":false,"isJavaContent":false},{"kind":"binary","path":"C:\\Users\\Lenovo\\.m2\\repository\\org\\dom4j\\dom4j\\2.1.1\\dom4j-2.1.1.jar","sourceContainerUrl":"file:/C:/Users/Lenovo/.m2/repository/org/dom4j/dom4j/2.1.1/dom4j-2.1.1-sources.jar","javadocContainerUrl":"file:/C:/Users/Lenovo/.m2/repository/org/dom4j/dom4j/2.1.1/dom4j-2.1.1-javadoc.jar","isSystem":false,"isOwn":false,"isTest":false,"isJavaContent":false},{"kind":"binary","path":"C:\\Users\\Lenovo\\.m2\\repository\\org\\hibernate\\common\\hibernate-commons-annotations\\5.1.0.Final\\hibernate-commons-annotations-5.1.0.Final.jar","sourceContainerUrl":"file:/C:/Users/Lenovo/.m2/repository/org/hibernate/common/hibernate-commons-annotations/5.1.0.Final/hibernate-commons-annotations-5.1.0.Final-sources.jar","isSystem":false,"isOwn":false,"isTest":false,"isJavaContent":false},{"kind":"binary","path":"C:\\Users\\Lenovo\\.m2\\repository\\javax\\xml\\bind\\jaxb-api\\2.3.1\\jaxb-api-2.3.1.jar","sourceContainerUrl":"file:/C:/Users/Lenovo/.m2/repository/javax/xml/bind/jaxb-api/2.3.1/jaxb-api-2.3.1-sources.jar","javadocContainerUrl":"file:/C:/Users/Lenovo/.m2/repository/javax/xml/bind/jaxb-api/2.3.1/jaxb-api-2.3.1-javadoc.jar","isSystem":false,"isOwn":false,"isTest":false,"isJavaContent":false},{"kind":"binary","path":"C:\\Users\\Lenovo\\.m2\\repository\\org\\glassfish\\jaxb\\jaxb-runtime\\2.3.1\\jaxb-runtime-2.3.1.jar","sourceContainerUrl":"file:/C:/Users/Lenovo/.m2/repository/org/glassfish/jaxb/jaxb-runtime/2.3.1/jaxb-runtime-2.3.1-sources.jar","javadocContainerUrl":"file:/C:/Users/Lenovo/.m2/repository/org/glassfish/jaxb/jaxb-runtime/2.3.1/jaxb-runtime-2.3.1-javadoc.jar","isSystem":false,"isOwn":false,"isTest":false,"isJavaContent":false},{"kind":"binary","path":"C:\\Users\\Lenovo\\.m2\\repository\\org\\glassfish\\jaxb\\txw2\\2.3.1\\txw2-2.3.1.jar","sourceContainerUrl":"file:/C:/Users/Lenovo/.m2/repository/org/glassfish/jaxb/txw2/2.3.1/txw2-2.3.1-sources.jar","javadocContainerUrl":"file:/C:/Users/Lenovo/.m2/repository/org/glassfish/jaxb/txw2/2.3.1/txw2-2.3.1-javadoc.jar","isSystem":false,"isOwn":false,"isTest":false,"isJavaContent":false},{"kind":"binary","path":"C:\\Users\\Lenovo\\.m2\\repository\\com\\sun\\istack\\istack-commons-runtime\\3.0.7\\istack-commons-runtime-3.0.7.jar","sourceContainerUrl":"file:/C:/Users/Lenovo/.m2/repository/com/sun/istack/istack-commons-runtime/3.0.7/istack-commons-runtime-3.0.7-sources.jar","javadocContainerUrl":"file:/C:/Users/Lenovo/.m2/repository/com/sun/istack/istack-commons-runtime/3.0.7/istack-commons-runtime-3.0.7-javadoc.jar","isSystem":false,"isOwn":false,"isTest":false,"isJavaContent":false},{"kind":"binary","path":"C:\\Users\\Lenovo\\.m2\\repository\\org\\jvnet\\staxex\\stax-ex\\1.8\\stax-ex-1.8.jar","sourceContainerUrl":"file:/C:/Users/Lenovo/.m2/repository/org/jvnet/staxex/stax-ex/1.8/stax-ex-1.8-sources.jar","javadocContainerUrl":"file:/C:/Users/Lenovo/.m2/repository/org/jvnet/staxex/stax-ex/1.8/stax-ex-1.8-javadoc.jar","isSystem":false,"isOwn":false,"isTest":false,"isJavaContent":false},{"kind":"binary","path":"C:\\Users\\Lenovo\\.m2\\repository\\com\\sun\\xml\\fastinfoset\\FastInfoset\\1.2.15\\FastInfoset-1.2.15.jar","sourceContainerUrl":"file:/C:/Users/Lenovo/.m2/repository/com/sun/xml/fastinfoset/FastInfoset/1.2.15/FastInfoset-1.2.15-sources.jar","javadocContainerUrl":"file:/C:/Users/Lenovo/.m2/repository/com/sun/xml/fastinfoset/FastInfoset/1.2.15/FastInfoset-1.2.15-javadoc.jar","isSystem":false,"isOwn":false,"isTest":false,"isJavaContent":false},{"kind":"binary","path":"C:\\Users\\Lenovo\\.m2\\repository\\mysql\\mysql-connector-java\\8.0.19\\mysql-connector-java-8.0.19.jar","sourceContainerUrl":"file:/C:/Users/Lenovo/.m2/repository/mysql/mysql-connector-java/8.0.19/mysql-connector-java-8.0.19-sources.jar","isSystem":false,"isOwn":false,"isTest":false,"isJavaContent":false},{"kind":"binary","path":"C:\\Users\\Lenovo\\.m2\\repository\\com\\google\\protobuf\\protobuf-java\\3.6.1\\protobuf-java-3.6.1.jar","sourceContainerUrl":"file:/C:/Users/Lenovo/.m2/repository/com/google/protobuf/protobuf-java/3.6.1/protobuf-java-3.6.1-sources.jar","javadocContainerUrl":"file:/C:/Users/Lenovo/.m2/repository/com/google/protobuf/protobuf-java/3.6.1/protobuf-java-3.6.1-javadoc.jar","isSystem":false,"isOwn":false,"isTest":false,"isJavaContent":false},{"kind":"binary","path":"C:\\Users\\Lenovo\\.m2\\repository\\com\\mchange\\c3p0\\0.9.5.5\\c3p0-0.9.5.5.jar","sourceContainerUrl":"file:/C:/Users/Lenovo/.m2/repository/com/mchange/c3p0/0.9.5.5/c3p0-0.9.5.5-sources.jar","javadocContainerUrl":"file:/C:/Users/Lenovo/.m2/repository/com/mchange/c3p0/0.9.5.5/c3p0-0.9.5.5-javadoc.jar","isSystem":false,"isOwn":false,"isTest":false,"isJavaContent":false},{"kind":"binary","path":"C:\\Users\\Lenovo\\.m2\\repository\\com\\mchange\\mchange-commons-java\\0.2.19\\mchange-commons-java-0.2.19.jar","sourceContainerUrl":"file:/C:/Users/Lenovo/.m2/repository/com/mchange/mchange-commons-java/0.2.19/mchange-commons-java-0.2.19-sources.jar","javadocContainerUrl":"file:/C:/Users/Lenovo/.m2/repository/com/mchange/mchange-commons-java/0.2.19/mchange-commons-java-0.2.19-javadoc.jar","isSystem":false,"isOwn":false,"isTest":false,"isJavaContent":false},{"kind":"binary","path":"C:\\Users\\Lenovo\\.m2\\repository\\javax\\servlet\\javax.servlet-api\\4.0.1\\javax.servlet-api-4.0.1.jar","sourceContainerUrl":"file:/C:/Users/Lenovo/.m2/repository/javax/servlet/javax.servlet-api/4.0.1/javax.servlet-api-4.0.1-sources.jar","javadocContainerUrl":"file:/C:/Users/Lenovo/.m2/repository/javax/servlet/javax.servlet-api/4.0.1/javax.servlet-api-4.0.1-javadoc.jar","isSystem":false,"isOwn":false,"isTest":false,"isJavaContent":false},{"kind":"binary","path":"C:\\Users\\Lenovo\\.m2\\repository\\javax\\servlet\\jsp\\javax.servlet.jsp-api\\2.3.3\\javax.servlet.jsp-api-2.3.3.jar","sourceContainerUrl":"file:/C:/Users/Lenovo/.m2/repository/javax/servlet/jsp/javax.servlet.jsp-api/2.3.3/javax.servlet.jsp-api-2.3.3-sources.jar","javadocContainerUrl":"file:/C:/Users/Lenovo/.m2/repository/javax/servlet/jsp/javax.servlet.jsp-api/2.3.3/javax.servlet.jsp-api-2.3.3-javadoc.jar","isSystem":false,"isOwn":false,"isTest":false,"isJavaContent":false},{"kind":"binary","path":"C:\\Users\\Lenovo\\.m2\\repository\\junit\\junit\\4.11\\junit-4.11.jar","sourceContainerUrl":"file:/C:/Users/Lenovo/.m2/repository/junit/junit/4.11/junit-4.11-sources.jar","javadocContainerUrl":"file:/C:/Users/Lenovo/.m2/repository/junit/junit/4.11/junit-4.11-javadoc.jar","isSystem":false,"isOwn":false,"isTest":false,"isJavaContent":false},{"kind":"binary","path":"C:\\Users\\Lenovo\\.m2\\repository\\org\\hamcrest\\hamcrest-core\\1.3\\hamcrest-core-1.3.jar","sourceContainerUrl":"file:/C:/Users/Lenovo/.m2/repository/org/hamcrest/hamcrest-core/1.3/hamcrest-core-1.3-sources.jar","javadocContainerUrl":"file:/C:/Users/Lenovo/.m2/repository/org/hamcrest/hamcrest-core/1.3/hamcrest-core-1.3-javadoc.jar","isSystem":false,"isOwn":false,"isTest":false,"isJavaContent":false},{"kind":"source","path":"D:\\IBMJava\\curd-operaions-using-rest-without-xml\\src\\main\\java","outputFolder":"D:\\IBMJava\\curd-operaions-using-rest-without-xml\\target\\classes","javadocContainerUrl":"file:/D:/IBMJava/curd-operaions-using-rest-without-xml/target/site/apidocs","isSystem":false,"isOwn":true,"isTest":false,"isJavaContent":true},{"kind":"source","path":"D:\\IBMJava\\curd-operaions-using-rest-without-xml\\src\\main\\resources","outputFolder":"D:\\IBMJava\\curd-operaions-using-rest-without-xml\\target\\classes","isSystem":false,"isOwn":true,"isTest":false,"isJavaContent":false},{"kind":"source","path":"D:\\IBMJava\\curd-operaions-using-rest-without-xml\\src\\test\\resources","outputFolder":"D:\\IBMJava\\curd-operaions-using-rest-without-xml\\target\\test-classes","isSystem":false,"isOwn":true,"isTest":true,"isJavaContent":false},{"kind":"source","path":"D:\\IBMJava\\curd-operaions-using-rest-without-xml\\src\\test\\java","outputFolder":"D:\\IBMJava\\curd-operaions-using-rest-without-xml\\target\\test-classes","javadocContainerUrl":"file:/D:/IBMJava/curd-operaions-using-rest-without-xml/target/site/apidocs","isSystem":false,"isOwn":true,"isTest":false,"isJavaContent":false}]}