{"name":"demo","classpathEntries":[{"kind":"binary","path":"C:\\Program Files\\Java\\jdk-12.0.1\\lib\\jrt-fs.jar","sourceContainerUrl":"file:/C:/Program%20Files/Java/jdk-12.0.1/lib/src.zip","javadocContainerUrl":"https://docs.oracle.com/javase/12/docs/api/","isSystem":true,"isOwn":false,"isTest":false,"isJavaContent":false},{"kind":"binary","path":"C:\\Users\\Lenovo\\.m2\\repository\\org\\springframework\\boot\\spring-boot-starter\\2.2.5.RELEASE\\spring-boot-starter-2.2.5.RELEASE.jar","sourceContainerUrl":"file:/C:/Users/Lenovo/.m2/repository/org/springframework/boot/spring-boot-starter/2.2.5.RELEASE/spring-boot-starter-2.2.5.RELEASE-sources.jar","isSystem":false,"isOwn":false,"isTest":false,"isJavaContent":false},{"kind":"binary","path":"C:\\Users\\Lenovo\\.m2\\repository\\org\\springframework\\boot\\spring-boot\\2.2.5.RELEASE\\spring-boot-2.2.5.RELEASE.jar","sourceContainerUrl":"file:/C:/Users/Lenovo/.m2/repository/org/springframework/boot/spring-boot/2.2.5.RELEASE/spring-boot-2.2.5.RELEASE-sources.jar","javadocContainerUrl":"file:/C:/Users/Lenovo/.m2/repository/org/springframework/boot/spring-boot/2.2.5.RELEASE/spring-boot-2.2.5.RELEASE-javadoc.jar","isSystem":false,"isOwn":false,"isTest":false,"isJavaContent":false},{"kind":"binary","path":"C:\\Users\\Lenovo\\.m2\\repository\\org\\springframework\\spring-context\\5.2.4.RELEASE\\spring-context-5.2.4.RELEASE.jar","sourceContainerUrl":"file:/C:/Users/Lenovo/.m2/repository/org/springframework/spring-context/5.2.4.RELEASE/spring-context-5.2.4.RELEASE-sources.jar","javadocContainerUrl":"file:/C:/Users/Lenovo/.m2/repository/org/springframework/spring-context/5.2.4.RELEASE/spring-context-5.2.4.RELEASE-javadoc.jar","isSystem":false,"isOwn":false,"isTest":false,"isJavaContent":false},{"kind":"binary","path":"C:\\Users\\Lenovo\\.m2\\repository\\org\\springframework\\spring-aop\\5.2.4.RELEASE\\spring-aop-5.2.4.RELEASE.jar","sourceContainerUrl":"file:/C:/Users/Lenovo/.m2/repository/org/springframework/spring-aop/5.2.4.RELEASE/spring-aop-5.2.4.RELEASE-sources.jar","javadocContainerUrl":"file:/C:/Users/Lenovo/.m2/repository/org/springframework/spring-aop/5.2.4.RELEASE/spring-aop-5.2.4.RELEASE-javadoc.jar","isSystem":false,"isOwn":false,"isTest":false,"isJavaContent":false},{"kind":"binary","path":"C:\\Users\\Lenovo\\.m2\\repository\\org\\springframework\\spring-beans\\5.2.4.RELEASE\\spring-beans-5.2.4.RELEASE.jar","sourceContainerUrl":"file:/C:/Users/Lenovo/.m2/repository/org/springframework/spring-beans/5.2.4.RELEASE/spring-beans-5.2.4.RELEASE-sources.jar","javadocContainerUrl":"file:/C:/Users/Lenovo/.m2/repository/org/springframework/spring-beans/5.2.4.RELEASE/spring-beans-5.2.4.RELEASE-javadoc.jar","isSystem":false,"isOwn":false,"isTest":false,"isJavaContent":false},{"kind":"binary","path":"C:\\Users\\Lenovo\\.m2\\repository\\org\\springframework\\spring-expression\\5.2.4.RELEASE\\spring-expression-5.2.4.RELEASE.jar","sourceContainerUrl":"file:/C:/Users/Lenovo/.m2/repository/org/springframework/spring-expression/5.2.4.RELEASE/spring-expression-5.2.4.RELEASE-sources.jar","javadocContainerUrl":"file:/C:/Users/Lenovo/.m2/repository/org/springframework/spring-expression/5.2.4.RELEASE/spring-expression-5.2.4.RELEASE-javadoc.jar","isSystem":false,"isOwn":false,"isTest":false,"isJavaContent":false},{"kind":"binary","path":"C:\\Users\\Lenovo\\.m2\\repository\\org\\springframework\\boot\\spring-boot-autoconfigure\\2.2.5.RELEASE\\spring-boot-autoconfigure-2.2.5.RELEASE.jar","sourceContainerUrl":"file:/C:/Users/Lenovo/.m2/repository/org/springframework/boot/spring-boot-autoconfigure/2.2.5.RELEASE/spring-boot-autoconfigure-2.2.5.RELEASE-sources.jar","javadocContainerUrl":"file:/C:/Users/Lenovo/.m2/repository/org/springframework/boot/spring-boot-autoconfigure/2.2.5.RELEASE/spring-boot-autoconfigure-2.2.5.RELEASE-javadoc.jar","isSystem":false,"isOwn":false,"isTest":false,"isJavaContent":false},{"kind":"binary","path":"C:\\Users\\Lenovo\\.m2\\repository\\org\\springframework\\boot\\spring-boot-starter-logging\\2.2.5.RELEASE\\spring-boot-starter-logging-2.2.5.RELEASE.jar","sourceContainerUrl":"file:/C:/Users/Lenovo/.m2/repository/org/springframework/boot/spring-boot-starter-logging/2.2.5.RELEASE/spring-boot-starter-logging-2.2.5.RELEASE-sources.jar","isSystem":false,"isOwn":false,"isTest":false,"isJavaContent":false},{"kind":"binary","path":"C:\\Users\\Lenovo\\.m2\\repository\\ch\\qos\\logback\\logback-classic\\1.2.3\\logback-classic-1.2.3.jar","sourceContainerUrl":"file:/C:/Users/Lenovo/.m2/repository/ch/qos/logback/logback-classic/1.2.3/logback-classic-1.2.3-sources.jar","javadocContainerUrl":"file:/C:/Users/Lenovo/.m2/repository/ch/qos/logback/logback-classic/1.2.3/logback-classic-1.2.3-javadoc.jar","isSystem":false,"isOwn":false,"isTest":false,"isJavaContent":false},{"kind":"binary","path":"C:\\Users\\Lenovo\\.m2\\repository\\ch\\qos\\logback\\logback-core\\1.2.3\\logback-core-1.2.3.jar","sourceContainerUrl":"file:/C:/Users/Lenovo/.m2/repository/ch/qos/logback/logback-core/1.2.3/logback-core-1.2.3-sources.jar","javadocContainerUrl":"file:/C:/Users/Lenovo/.m2/repository/ch/qos/logback/logback-core/1.2.3/logback-core-1.2.3-javadoc.jar","isSystem":false,"isOwn":false,"isTest":false,"isJavaContent":false},{"kind":"binary","path":"C:\\Users\\Lenovo\\.m2\\repository\\org\\apache\\logging\\log4j\\log4j-to-slf4j\\2.12.1\\log4j-to-slf4j-2.12.1.jar","sourceContainerUrl":"file:/C:/Users/Lenovo/.m2/repository/org/apache/logging/log4j/log4j-to-slf4j/2.12.1/log4j-to-slf4j-2.12.1-sources.jar","javadocContainerUrl":"file:/C:/Users/Lenovo/.m2/repository/org/apache/logging/log4j/log4j-to-slf4j/2.12.1/log4j-to-slf4j-2.12.1-javadoc.jar","isSystem":false,"isOwn":false,"isTest":false,"isJavaContent":false},{"kind":"binary","path":"C:\\Users\\Lenovo\\.m2\\repository\\org\\apache\\logging\\log4j\\log4j-api\\2.12.1\\log4j-api-2.12.1.jar","sourceContainerUrl":"file:/C:/Users/Lenovo/.m2/repository/org/apache/logging/log4j/log4j-api/2.12.1/log4j-api-2.12.1-sources.jar","javadocContainerUrl":"file:/C:/Users/Lenovo/.m2/repository/org/apache/logging/log4j/log4j-api/2.12.1/log4j-api-2.12.1-javadoc.jar","isSystem":false,"isOwn":false,"isTest":false,"isJavaContent":false},{"kind":"binary","path":"C:\\Users\\Lenovo\\.m2\\repository\\org\\slf4j\\jul-to-slf4j\\1.7.30\\jul-to-slf4j-1.7.30.jar","sourceContainerUrl":"file:/C:/Users/Lenovo/.m2/repository/org/slf4j/jul-to-slf4j/1.7.30/jul-to-slf4j-1.7.30-sources.jar","javadocContainerUrl":"file:/C:/Users/Lenovo/.m2/repository/org/slf4j/jul-to-slf4j/1.7.30/jul-to-slf4j-1.7.30-javadoc.jar","isSystem":false,"isOwn":false,"isTest":false,"isJavaContent":false},{"kind":"binary","path":"C:\\Users\\Lenovo\\.m2\\repository\\jakarta\\annotation\\jakarta.annotation-api\\1.3.5\\jakarta.annotation-api-1.3.5.jar","sourceContainerUrl":"file:/C:/Users/Lenovo/.m2/repository/jakarta/annotation/jakarta.annotation-api/1.3.5/jakarta.annotation-api-1.3.5-sources.jar","javadocContainerUrl":"file:/C:/Users/Lenovo/.m2/repository/jakarta/annotation/jakarta.annotation-api/1.3.5/jakarta.annotation-api-1.3.5-javadoc.jar","isSystem":false,"isOwn":false,"isTest":false,"isJavaContent":false},{"kind":"binary","path":"C:\\Users\\Lenovo\\.m2\\repository\\org\\springframework\\spring-core\\5.2.4.RELEASE\\spring-core-5.2.4.RELEASE.jar","sourceContainerUrl":"file:/C:/Users/Lenovo/.m2/repository/org/springframework/spring-core/5.2.4.RELEASE/spring-core-5.2.4.RELEASE-sources.jar","javadocContainerUrl":"file:/C:/Users/Lenovo/.m2/repository/org/springframework/spring-core/5.2.4.RELEASE/spring-core-5.2.4.RELEASE-javadoc.jar","isSystem":false,"isOwn":false,"isTest":false,"isJavaContent":false},{"kind":"binary","path":"C:\\Users\\Lenovo\\.m2\\repository\\org\\springframework\\spring-jcl\\5.2.4.RELEASE\\spring-jcl-5.2.4.RELEASE.jar","sourceContainerUrl":"file:/C:/Users/Lenovo/.m2/repository/org/springframework/spring-jcl/5.2.4.RELEASE/spring-jcl-5.2.4.RELEASE-sources.jar","javadocContainerUrl":"file:/C:/Users/Lenovo/.m2/repository/org/springframework/spring-jcl/5.2.4.RELEASE/spring-jcl-5.2.4.RELEASE-javadoc.jar","isSystem":false,"isOwn":false,"isTest":false,"isJavaContent":false},{"kind":"binary","path":"C:\\Users\\Lenovo\\.m2\\repository\\org\\yaml\\snakeyaml\\1.25\\snakeyaml-1.25.jar","sourceContainerUrl":"file:/C:/Users/Lenovo/.m2/repository/org/yaml/snakeyaml/1.25/snakeyaml-1.25-sources.jar","javadocContainerUrl":"file:/C:/Users/Lenovo/.m2/repository/org/yaml/snakeyaml/1.25/snakeyaml-1.25-javadoc.jar","isSystem":false,"isOwn":false,"isTest":false,"isJavaContent":false},{"kind":"binary","path":"C:\\Users\\Lenovo\\.m2\\repository\\org\\springframework\\boot\\spring-boot-starter-test\\2.2.5.RELEASE\\spring-boot-starter-test-2.2.5.RELEASE.jar","sourceContainerUrl":"file:/C:/Users/Lenovo/.m2/repository/org/springframework/boot/spring-boot-starter-test/2.2.5.RELEASE/spring-boot-starter-test-2.2.5.RELEASE-sources.jar","isSystem":false,"isOwn":false,"isTest":false,"isJavaContent":false},{"kind":"binary","path":"C:\\Users\\Lenovo\\.m2\\repository\\org\\springframework\\boot\\spring-boot-test\\2.2.5.RELEASE\\spring-boot-test-2.2.5.RELEASE.jar","sourceContainerUrl":"file:/C:/Users/Lenovo/.m2/repository/org/springframework/boot/spring-boot-test/2.2.5.RELEASE/spring-boot-test-2.2.5.RELEASE-sources.jar","javadocContainerUrl":"file:/C:/Users/Lenovo/.m2/repository/org/springframework/boot/spring-boot-test/2.2.5.RELEASE/spring-boot-test-2.2.5.RELEASE-javadoc.jar","isSystem":false,"isOwn":false,"isTest":false,"isJavaContent":false},{"kind":"binary","path":"C:\\Users\\Lenovo\\.m2\\repository\\org\\springframework\\boot\\spring-boot-test-autoconfigure\\2.2.5.RELEASE\\spring-boot-test-autoconfigure-2.2.5.RELEASE.jar","sourceContainerUrl":"file:/C:/Users/Lenovo/.m2/repository/org/springframework/boot/spring-boot-test-autoconfigure/2.2.5.RELEASE/spring-boot-test-autoconfigure-2.2.5.RELEASE-sources.jar","javadocContainerUrl":"file:/C:/Users/Lenovo/.m2/repository/org/springframework/boot/spring-boot-test-autoconfigure/2.2.5.RELEASE/spring-boot-test-autoconfigure-2.2.5.RELEASE-javadoc.jar","isSystem":false,"isOwn":false,"isTest":false,"isJavaContent":false},{"kind":"binary","path":"C:\\Users\\Lenovo\\.m2\\repository\\com\\jayway\\jsonpath\\json-path\\2.4.0\\json-path-2.4.0.jar","sourceContainerUrl":"file:/C:/Users/Lenovo/.m2/repository/com/jayway/jsonpath/json-path/2.4.0/json-path-2.4.0-sources.jar","javadocContainerUrl":"file:/C:/Users/Lenovo/.m2/repository/com/jayway/jsonpath/json-path/2.4.0/json-path-2.4.0-javadoc.jar","isSystem":false,"isOwn":false,"isTest":false,"isJavaContent":false},{"kind":"binary","path":"C:\\Users\\Lenovo\\.m2\\repository\\net\\minidev\\json-smart\\2.3\\json-smart-2.3.jar","sourceContainerUrl":"file:/C:/Users/Lenovo/.m2/repository/net/minidev/json-smart/2.3/json-smart-2.3-sources.jar","javadocContainerUrl":"file:/C:/Users/Lenovo/.m2/repository/net/minidev/json-smart/2.3/json-smart-2.3-javadoc.jar","isSystem":false,"isOwn":false,"isTest":false,"isJavaContent":false},{"kind":"binary","path":"C:\\Users\\Lenovo\\.m2\\repository\\net\\minidev\\accessors-smart\\1.2\\accessors-smart-1.2.jar","sourceContainerUrl":"file:/C:/Users/Lenovo/.m2/repository/net/minidev/accessors-smart/1.2/accessors-smart-1.2-sources.jar","javadocContainerUrl":"file:/C:/Users/Lenovo/.m2/repository/net/minidev/accessors-smart/1.2/accessors-smart-1.2-javadoc.jar","isSystem":false,"isOwn":false,"isTest":false,"isJavaContent":false},{"kind":"binary","path":"C:\\Users\\Lenovo\\.m2\\repository\\org\\ow2\\asm\\asm\\5.0.4\\asm-5.0.4.jar","sourceContainerUrl":"file:/C:/Users/Lenovo/.m2/repository/org/ow2/asm/asm/5.0.4/asm-5.0.4-sources.jar","javadocContainerUrl":"file:/C:/Users/Lenovo/.m2/repository/org/ow2/asm/asm/5.0.4/asm-5.0.4-javadoc.jar","isSystem":false,"isOwn":false,"isTest":false,"isJavaContent":false},{"kind":"binary","path":"C:\\Users\\Lenovo\\.m2\\repository\\org\\slf4j\\slf4j-api\\1.7.30\\slf4j-api-1.7.30.jar","sourceContainerUrl":"file:/C:/Users/Lenovo/.m2/repository/org/slf4j/slf4j-api/1.7.30/slf4j-api-1.7.30-sources.jar","javadocContainerUrl":"file:/C:/Users/Lenovo/.m2/repository/org/slf4j/slf4j-api/1.7.30/slf4j-api-1.7.30-javadoc.jar","isSystem":false,"isOwn":false,"isTest":false,"isJavaContent":false},{"kind":"binary","path":"C:\\Users\\Lenovo\\.m2\\repository\\jakarta\\xml\\bind\\jakarta.xml.bind-api\\2.3.2\\jakarta.xml.bind-api-2.3.2.jar","sourceContainerUrl":"file:/C:/Users/Lenovo/.m2/repository/jakarta/xml/bind/jakarta.xml.bind-api/2.3.2/jakarta.xml.bind-api-2.3.2-sources.jar","javadocContainerUrl":"file:/C:/Users/Lenovo/.m2/repository/jakarta/xml/bind/jakarta.xml.bind-api/2.3.2/jakarta.xml.bind-api-2.3.2-javadoc.jar","isSystem":false,"isOwn":false,"isTest":false,"isJavaContent":false},{"kind":"binary","path":"C:\\Users\\Lenovo\\.m2\\repository\\jakarta\\activation\\jakarta.activation-api\\1.2.2\\jakarta.activation-api-1.2.2.jar","sourceContainerUrl":"file:/C:/Users/Lenovo/.m2/repository/jakarta/activation/jakarta.activation-api/1.2.2/jakarta.activation-api-1.2.2-sources.jar","javadocContainerUrl":"file:/C:/Users/Lenovo/.m2/repository/jakarta/activation/jakarta.activation-api/1.2.2/jakarta.activation-api-1.2.2-javadoc.jar","isSystem":false,"isOwn":false,"isTest":false,"isJavaContent":false},{"kind":"binary","path":"C:\\Users\\Lenovo\\.m2\\repository\\org\\junit\\jupiter\\junit-jupiter\\5.5.2\\junit-jupiter-5.5.2.jar","sourceContainerUrl":"file:/C:/Users/Lenovo/.m2/repository/org/junit/jupiter/junit-jupiter/5.5.2/junit-jupiter-5.5.2-sources.jar","javadocContainerUrl":"file:/C:/Users/Lenovo/.m2/repository/org/junit/jupiter/junit-jupiter/5.5.2/junit-jupiter-5.5.2-javadoc.jar","isSystem":false,"isOwn":false,"isTest":false,"isJavaContent":false},{"kind":"binary","path":"C:\\Users\\Lenovo\\.m2\\repository\\org\\junit\\jupiter\\junit-jupiter-api\\5.5.2\\junit-jupiter-api-5.5.2.jar","sourceContainerUrl":"file:/C:/Users/Lenovo/.m2/repository/org/junit/jupiter/junit-jupiter-api/5.5.2/junit-jupiter-api-5.5.2-sources.jar","javadocContainerUrl":"file:/C:/Users/Lenovo/.m2/repository/org/junit/jupiter/junit-jupiter-api/5.5.2/junit-jupiter-api-5.5.2-javadoc.jar","isSystem":false,"isOwn":false,"isTest":false,"isJavaContent":false},{"kind":"binary","path":"C:\\Users\\Lenovo\\.m2\\repository\\org\\apiguardian\\apiguardian-api\\1.1.0\\apiguardian-api-1.1.0.jar","sourceContainerUrl":"file:/C:/Users/Lenovo/.m2/repository/org/apiguardian/apiguardian-api/1.1.0/apiguardian-api-1.1.0-sources.jar","javadocContainerUrl":"file:/C:/Users/Lenovo/.m2/repository/org/apiguardian/apiguardian-api/1.1.0/apiguardian-api-1.1.0-javadoc.jar","isSystem":false,"isOwn":false,"isTest":false,"isJavaContent":false},{"kind":"binary","path":"C:\\Users\\Lenovo\\.m2\\repository\\org\\opentest4j\\opentest4j\\1.2.0\\opentest4j-1.2.0.jar","sourceContainerUrl":"file:/C:/Users/Lenovo/.m2/repository/org/opentest4j/opentest4j/1.2.0/opentest4j-1.2.0-sources.jar","javadocContainerUrl":"file:/C:/Users/Lenovo/.m2/repository/org/opentest4j/opentest4j/1.2.0/opentest4j-1.2.0-javadoc.jar","isSystem":false,"isOwn":false,"isTest":false,"isJavaContent":false},{"kind":"binary","path":"C:\\Users\\Lenovo\\.m2\\repository\\org\\junit\\platform\\junit-platform-commons\\1.5.2\\junit-platform-commons-1.5.2.jar","sourceContainerUrl":"file:/C:/Users/Lenovo/.m2/repository/org/junit/platform/junit-platform-commons/1.5.2/junit-platform-commons-1.5.2-sources.jar","javadocContainerUrl":"file:/C:/Users/Lenovo/.m2/repository/org/junit/platform/junit-platform-commons/1.5.2/junit-platform-commons-1.5.2-javadoc.jar","isSystem":false,"isOwn":false,"isTest":false,"isJavaContent":false},{"kind":"binary","path":"C:\\Users\\Lenovo\\.m2\\repository\\org\\junit\\jupiter\\junit-jupiter-params\\5.5.2\\junit-jupiter-params-5.5.2.jar","sourceContainerUrl":"file:/C:/Users/Lenovo/.m2/repository/org/junit/jupiter/junit-jupiter-params/5.5.2/junit-jupiter-params-5.5.2-sources.jar","javadocContainerUrl":"file:/C:/Users/Lenovo/.m2/repository/org/junit/jupiter/junit-jupiter-params/5.5.2/junit-jupiter-params-5.5.2-javadoc.jar","isSystem":false,"isOwn":false,"isTest":false,"isJavaContent":false},{"kind":"binary","path":"C:\\Users\\Lenovo\\.m2\\repository\\org\\junit\\jupiter\\junit-jupiter-engine\\5.5.2\\junit-jupiter-engine-5.5.2.jar","sourceContainerUrl":"file:/C:/Users/Lenovo/.m2/repository/org/junit/jupiter/junit-jupiter-engine/5.5.2/junit-jupiter-engine-5.5.2-sources.jar","javadocContainerUrl":"file:/C:/Users/Lenovo/.m2/repository/org/junit/jupiter/junit-jupiter-engine/5.5.2/junit-jupiter-engine-5.5.2-javadoc.jar","isSystem":false,"isOwn":false,"isTest":false,"isJavaContent":false},{"kind":"binary","path":"C:\\Users\\Lenovo\\.m2\\repository\\org\\junit\\platform\\junit-platform-engine\\1.5.2\\junit-platform-engine-1.5.2.jar","sourceContainerUrl":"file:/C:/Users/Lenovo/.m2/repository/org/junit/platform/junit-platform-engine/1.5.2/junit-platform-engine-1.5.2-sources.jar","javadocContainerUrl":"file:/C:/Users/Lenovo/.m2/repository/org/junit/platform/junit-platform-engine/1.5.2/junit-platform-engine-1.5.2-javadoc.jar","isSystem":false,"isOwn":false,"isTest":false,"isJavaContent":false},{"kind":"binary","path":"C:\\Users\\Lenovo\\.m2\\repository\\org\\mockito\\mockito-junit-jupiter\\3.1.0\\mockito-junit-jupiter-3.1.0.jar","sourceContainerUrl":"file:/C:/Users/Lenovo/.m2/repository/org/mockito/mockito-junit-jupiter/3.1.0/mockito-junit-jupiter-3.1.0-sources.jar","javadocContainerUrl":"file:/C:/Users/Lenovo/.m2/repository/org/mockito/mockito-junit-jupiter/3.1.0/mockito-junit-jupiter-3.1.0-javadoc.jar","isSystem":false,"isOwn":false,"isTest":false,"isJavaContent":false},{"kind":"binary","path":"C:\\Users\\Lenovo\\.m2\\repository\\org\\assertj\\assertj-core\\3.13.2\\assertj-core-3.13.2.jar","sourceContainerUrl":"file:/C:/Users/Lenovo/.m2/repository/org/assertj/assertj-core/3.13.2/assertj-core-3.13.2-sources.jar","javadocContainerUrl":"file:/C:/Users/Lenovo/.m2/repository/org/assertj/assertj-core/3.13.2/assertj-core-3.13.2-javadoc.jar","isSystem":false,"isOwn":false,"isTest":false,"isJavaContent":false},{"kind":"binary","path":"C:\\Users\\Lenovo\\.m2\\repository\\org\\hamcrest\\hamcrest\\2.1\\hamcrest-2.1.jar","sourceContainerUrl":"file:/C:/Users/Lenovo/.m2/repository/org/hamcrest/hamcrest/2.1/hamcrest-2.1-sources.jar","javadocContainerUrl":"file:/C:/Users/Lenovo/.m2/repository/org/hamcrest/hamcrest/2.1/hamcrest-2.1-javadoc.jar","isSystem":false,"isOwn":false,"isTest":false,"isJavaContent":false},{"kind":"binary","path":"C:\\Users\\Lenovo\\.m2\\repository\\org\\mockito\\mockito-core\\3.1.0\\mockito-core-3.1.0.jar","sourceContainerUrl":"file:/C:/Users/Lenovo/.m2/repository/org/mockito/mockito-core/3.1.0/mockito-core-3.1.0-sources.jar","javadocContainerUrl":"file:/C:/Users/Lenovo/.m2/repository/org/mockito/mockito-core/3.1.0/mockito-core-3.1.0-javadoc.jar","isSystem":false,"isOwn":false,"isTest":false,"isJavaContent":false},{"kind":"binary","path":"C:\\Users\\Lenovo\\.m2\\repository\\net\\bytebuddy\\byte-buddy\\1.10.8\\byte-buddy-1.10.8.jar","sourceContainerUrl":"file:/C:/Users/Lenovo/.m2/repository/net/bytebuddy/byte-buddy/1.10.8/byte-buddy-1.10.8-sources.jar","javadocContainerUrl":"file:/C:/Users/Lenovo/.m2/repository/net/bytebuddy/byte-buddy/1.10.8/byte-buddy-1.10.8-javadoc.jar","isSystem":false,"isOwn":false,"isTest":false,"isJavaContent":false},{"kind":"binary","path":"C:\\Users\\Lenovo\\.m2\\repository\\net\\bytebuddy\\byte-buddy-agent\\1.10.8\\byte-buddy-agent-1.10.8.jar","sourceContainerUrl":"file:/C:/Users/Lenovo/.m2/repository/net/bytebuddy/byte-buddy-agent/1.10.8/byte-buddy-agent-1.10.8-sources.jar","javadocContainerUrl":"file:/C:/Users/Lenovo/.m2/repository/net/bytebuddy/byte-buddy-agent/1.10.8/byte-buddy-agent-1.10.8-javadoc.jar","isSystem":false,"isOwn":false,"isTest":false,"isJavaContent":false},{"kind":"binary","path":"C:\\Users\\Lenovo\\.m2\\repository\\org\\objenesis\\objenesis\\2.6\\objenesis-2.6.jar","sourceContainerUrl":"file:/C:/Users/Lenovo/.m2/repository/org/objenesis/objenesis/2.6/objenesis-2.6-sources.jar","javadocContainerUrl":"file:/C:/Users/Lenovo/.m2/repository/org/objenesis/objenesis/2.6/objenesis-2.6-javadoc.jar","isSystem":false,"isOwn":false,"isTest":false,"isJavaContent":false},{"kind":"binary","path":"C:\\Users\\Lenovo\\.m2\\repository\\org\\skyscreamer\\jsonassert\\1.5.0\\jsonassert-1.5.0.jar","sourceContainerUrl":"file:/C:/Users/Lenovo/.m2/repository/org/skyscreamer/jsonassert/1.5.0/jsonassert-1.5.0-sources.jar","javadocContainerUrl":"file:/C:/Users/Lenovo/.m2/repository/org/skyscreamer/jsonassert/1.5.0/jsonassert-1.5.0-javadoc.jar","isSystem":false,"isOwn":false,"isTest":false,"isJavaContent":false},{"kind":"binary","path":"C:\\Users\\Lenovo\\.m2\\repository\\com\\vaadin\\external\\google\\android-json\\0.0.20131108.vaadin1\\android-json-0.0.20131108.vaadin1.jar","sourceContainerUrl":"file:/C:/Users/Lenovo/.m2/repository/com/vaadin/external/google/android-json/0.0.20131108.vaadin1/android-json-0.0.20131108.vaadin1-sources.jar","javadocContainerUrl":"file:/C:/Users/Lenovo/.m2/repository/com/vaadin/external/google/android-json/0.0.20131108.vaadin1/android-json-0.0.20131108.vaadin1-javadoc.jar","isSystem":false,"isOwn":false,"isTest":false,"isJavaContent":false},{"kind":"binary","path":"C:\\Users\\Lenovo\\.m2\\repository\\org\\springframework\\spring-test\\5.2.4.RELEASE\\spring-test-5.2.4.RELEASE.jar","sourceContainerUrl":"file:/C:/Users/Lenovo/.m2/repository/org/springframework/spring-test/5.2.4.RELEASE/spring-test-5.2.4.RELEASE-sources.jar","javadocContainerUrl":"file:/C:/Users/Lenovo/.m2/repository/org/springframework/spring-test/5.2.4.RELEASE/spring-test-5.2.4.RELEASE-javadoc.jar","isSystem":false,"isOwn":false,"isTest":false,"isJavaContent":false},{"kind":"binary","path":"C:\\Users\\Lenovo\\.m2\\repository\\org\\xmlunit\\xmlunit-core\\2.6.3\\xmlunit-core-2.6.3.jar","sourceContainerUrl":"file:/C:/Users/Lenovo/.m2/repository/org/xmlunit/xmlunit-core/2.6.3/xmlunit-core-2.6.3-sources.jar","javadocContainerUrl":"file:/C:/Users/Lenovo/.m2/repository/org/xmlunit/xmlunit-core/2.6.3/xmlunit-core-2.6.3-javadoc.jar","isSystem":false,"isOwn":false,"isTest":false,"isJavaContent":false},{"kind":"source","path":"D:\\IBMJava\\demo\\src\\main\\java","outputFolder":"D:\\IBMJava\\demo\\target\\classes","javadocContainerUrl":"file:/D:/IBMJava/demo/target/site/apidocs","isSystem":false,"isOwn":true,"isTest":false,"isJavaContent":true},{"kind":"source","path":"D:\\IBMJava\\demo\\src\\test\\java","outputFolder":"D:\\IBMJava\\demo\\target\\test-classes","javadocContainerUrl":"file:/D:/IBMJava/demo/target/site/apidocs","isSystem":false,"isOwn":true,"isTest":true,"isJavaContent":true},{"kind":"source","path":"D:\\IBMJava\\demo\\src\\main\\resources","outputFolder":"D:\\IBMJava\\demo\\target\\classes","isSystem":false,"isOwn":true,"isTest":false,"isJavaContent":false},{"kind":"source","path":"D:\\IBMJava\\demo\\src\\test\\resources","outputFolder":"D:\\IBMJava\\demo\\target\\test-classes","isSystem":false,"isOwn":true,"isTest":true,"isJavaContent":false},{"kind":"source","path":"D:\\IBMJava\\demo\\src\\test\\java","outputFolder":"D:\\IBMJava\\demo\\target\\test-classes","javadocContainerUrl":"file:/D:/IBMJava/demo/target/site/apidocs","isSystem":false,"isOwn":true,"isTest":false,"isJavaContent":false}]}