{"name":"Consul-Admin-Server","classpathEntries":[{"kind":"binary","path":"C:\\Program Files\\Java\\jdk-13.0.2\\lib\\jrt-fs.jar","sourceContainerUrl":"file:/C:/Program%20Files/Java/jdk-13.0.2/lib/src.zip","javadocContainerUrl":"https://docs.oracle.com/javase/13/docs/api/","isSystem":true,"isOwn":false,"isTest":false,"isJavaContent":false},{"kind":"binary","path":"C:\\Users\\Lenovo\\.m2\\repository\\org\\springframework\\boot\\spring-boot-starter-web\\2.2.6.RELEASE\\spring-boot-starter-web-2.2.6.RELEASE.jar","sourceContainerUrl":"file:/C:/Users/Lenovo/.m2/repository/org/springframework/boot/spring-boot-starter-web/2.2.6.RELEASE/spring-boot-starter-web-2.2.6.RELEASE-sources.jar","isSystem":false,"isOwn":false,"isTest":false,"isJavaContent":false},{"kind":"binary","path":"C:\\Users\\Lenovo\\.m2\\repository\\org\\springframework\\boot\\spring-boot-starter\\2.2.6.RELEASE\\spring-boot-starter-2.2.6.RELEASE.jar","sourceContainerUrl":"file:/C:/Users/Lenovo/.m2/repository/org/springframework/boot/spring-boot-starter/2.2.6.RELEASE/spring-boot-starter-2.2.6.RELEASE-sources.jar","isSystem":false,"isOwn":false,"isTest":false,"isJavaContent":false},{"kind":"binary","path":"C:\\Users\\Lenovo\\.m2\\repository\\org\\springframework\\boot\\spring-boot-starter-logging\\2.2.6.RELEASE\\spring-boot-starter-logging-2.2.6.RELEASE.jar","sourceContainerUrl":"file:/C:/Users/Lenovo/.m2/repository/org/springframework/boot/spring-boot-starter-logging/2.2.6.RELEASE/spring-boot-starter-logging-2.2.6.RELEASE-sources.jar","isSystem":false,"isOwn":false,"isTest":false,"isJavaContent":false},{"kind":"binary","path":"C:\\Users\\Lenovo\\.m2\\repository\\ch\\qos\\logback\\logback-classic\\1.2.3\\logback-classic-1.2.3.jar","sourceContainerUrl":"file:/C:/Users/Lenovo/.m2/repository/ch/qos/logback/logback-classic/1.2.3/logback-classic-1.2.3-sources.jar","javadocContainerUrl":"file:/C:/Users/Lenovo/.m2/repository/ch/qos/logback/logback-classic/1.2.3/logback-classic-1.2.3-javadoc.jar","isSystem":false,"isOwn":false,"isTest":false,"isJavaContent":false},{"kind":"binary","path":"C:\\Users\\Lenovo\\.m2\\repository\\ch\\qos\\logback\\logback-core\\1.2.3\\logback-core-1.2.3.jar","sourceContainerUrl":"file:/C:/Users/Lenovo/.m2/repository/ch/qos/logback/logback-core/1.2.3/logback-core-1.2.3-sources.jar","javadocContainerUrl":"file:/C:/Users/Lenovo/.m2/repository/ch/qos/logback/logback-core/1.2.3/logback-core-1.2.3-javadoc.jar","isSystem":false,"isOwn":false,"isTest":false,"isJavaContent":false},{"kind":"binary","path":"C:\\Users\\Lenovo\\.m2\\repository\\org\\apache\\logging\\log4j\\log4j-to-slf4j\\2.12.1\\log4j-to-slf4j-2.12.1.jar","sourceContainerUrl":"file:/C:/Users/Lenovo/.m2/repository/org/apache/logging/log4j/log4j-to-slf4j/2.12.1/log4j-to-slf4j-2.12.1-sources.jar","javadocContainerUrl":"file:/C:/Users/Lenovo/.m2/repository/org/apache/logging/log4j/log4j-to-slf4j/2.12.1/log4j-to-slf4j-2.12.1-javadoc.jar","isSystem":false,"isOwn":false,"isTest":false,"isJavaContent":false},{"kind":"binary","path":"C:\\Users\\Lenovo\\.m2\\repository\\org\\apache\\logging\\log4j\\log4j-api\\2.12.1\\log4j-api-2.12.1.jar","sourceContainerUrl":"file:/C:/Users/Lenovo/.m2/repository/org/apache/logging/log4j/log4j-api/2.12.1/log4j-api-2.12.1-sources.jar","javadocContainerUrl":"file:/C:/Users/Lenovo/.m2/repository/org/apache/logging/log4j/log4j-api/2.12.1/log4j-api-2.12.1-javadoc.jar","isSystem":false,"isOwn":false,"isTest":false,"isJavaContent":false},{"kind":"binary","path":"C:\\Users\\Lenovo\\.m2\\repository\\org\\slf4j\\jul-to-slf4j\\1.7.30\\jul-to-slf4j-1.7.30.jar","sourceContainerUrl":"file:/C:/Users/Lenovo/.m2/repository/org/slf4j/jul-to-slf4j/1.7.30/jul-to-slf4j-1.7.30-sources.jar","javadocContainerUrl":"file:/C:/Users/Lenovo/.m2/repository/org/slf4j/jul-to-slf4j/1.7.30/jul-to-slf4j-1.7.30-javadoc.jar","isSystem":false,"isOwn":false,"isTest":false,"isJavaContent":false},{"kind":"binary","path":"C:\\Users\\Lenovo\\.m2\\repository\\jakarta\\annotation\\jakarta.annotation-api\\1.3.5\\jakarta.annotation-api-1.3.5.jar","sourceContainerUrl":"file:/C:/Users/Lenovo/.m2/repository/jakarta/annotation/jakarta.annotation-api/1.3.5/jakarta.annotation-api-1.3.5-sources.jar","javadocContainerUrl":"file:/C:/Users/Lenovo/.m2/repository/jakarta/annotation/jakarta.annotation-api/1.3.5/jakarta.annotation-api-1.3.5-javadoc.jar","isSystem":false,"isOwn":false,"isTest":false,"isJavaContent":false},{"kind":"binary","path":"C:\\Users\\Lenovo\\.m2\\repository\\org\\yaml\\snakeyaml\\1.25\\snakeyaml-1.25.jar","sourceContainerUrl":"file:/C:/Users/Lenovo/.m2/repository/org/yaml/snakeyaml/1.25/snakeyaml-1.25-sources.jar","javadocContainerUrl":"file:/C:/Users/Lenovo/.m2/repository/org/yaml/snakeyaml/1.25/snakeyaml-1.25-javadoc.jar","isSystem":false,"isOwn":false,"isTest":false,"isJavaContent":false},{"kind":"binary","path":"C:\\Users\\Lenovo\\.m2\\repository\\org\\springframework\\boot\\spring-boot-starter-json\\2.2.6.RELEASE\\spring-boot-starter-json-2.2.6.RELEASE.jar","sourceContainerUrl":"file:/C:/Users/Lenovo/.m2/repository/org/springframework/boot/spring-boot-starter-json/2.2.6.RELEASE/spring-boot-starter-json-2.2.6.RELEASE-sources.jar","isSystem":false,"isOwn":false,"isTest":false,"isJavaContent":false},{"kind":"binary","path":"C:\\Users\\Lenovo\\.m2\\repository\\com\\fasterxml\\jackson\\core\\jackson-databind\\2.10.3\\jackson-databind-2.10.3.jar","sourceContainerUrl":"file:/C:/Users/Lenovo/.m2/repository/com/fasterxml/jackson/core/jackson-databind/2.10.3/jackson-databind-2.10.3-sources.jar","javadocContainerUrl":"file:/C:/Users/Lenovo/.m2/repository/com/fasterxml/jackson/core/jackson-databind/2.10.3/jackson-databind-2.10.3-javadoc.jar","isSystem":false,"isOwn":false,"isTest":false,"isJavaContent":false},{"kind":"binary","path":"C:\\Users\\Lenovo\\.m2\\repository\\com\\fasterxml\\jackson\\core\\jackson-annotations\\2.10.3\\jackson-annotations-2.10.3.jar","sourceContainerUrl":"file:/C:/Users/Lenovo/.m2/repository/com/fasterxml/jackson/core/jackson-annotations/2.10.3/jackson-annotations-2.10.3-sources.jar","javadocContainerUrl":"file:/C:/Users/Lenovo/.m2/repository/com/fasterxml/jackson/core/jackson-annotations/2.10.3/jackson-annotations-2.10.3-javadoc.jar","isSystem":false,"isOwn":false,"isTest":false,"isJavaContent":false},{"kind":"binary","path":"C:\\Users\\Lenovo\\.m2\\repository\\com\\fasterxml\\jackson\\core\\jackson-core\\2.10.3\\jackson-core-2.10.3.jar","sourceContainerUrl":"file:/C:/Users/Lenovo/.m2/repository/com/fasterxml/jackson/core/jackson-core/2.10.3/jackson-core-2.10.3-sources.jar","javadocContainerUrl":"file:/C:/Users/Lenovo/.m2/repository/com/fasterxml/jackson/core/jackson-core/2.10.3/jackson-core-2.10.3-javadoc.jar","isSystem":false,"isOwn":false,"isTest":false,"isJavaContent":false},{"kind":"binary","path":"C:\\Users\\Lenovo\\.m2\\repository\\com\\fasterxml\\jackson\\datatype\\jackson-datatype-jdk8\\2.10.3\\jackson-datatype-jdk8-2.10.3.jar","sourceContainerUrl":"file:/C:/Users/Lenovo/.m2/repository/com/fasterxml/jackson/datatype/jackson-datatype-jdk8/2.10.3/jackson-datatype-jdk8-2.10.3-sources.jar","javadocContainerUrl":"file:/C:/Users/Lenovo/.m2/repository/com/fasterxml/jackson/datatype/jackson-datatype-jdk8/2.10.3/jackson-datatype-jdk8-2.10.3-javadoc.jar","isSystem":false,"isOwn":false,"isTest":false,"isJavaContent":false},{"kind":"binary","path":"C:\\Users\\Lenovo\\.m2\\repository\\com\\fasterxml\\jackson\\datatype\\jackson-datatype-jsr310\\2.10.3\\jackson-datatype-jsr310-2.10.3.jar","sourceContainerUrl":"file:/C:/Users/Lenovo/.m2/repository/com/fasterxml/jackson/datatype/jackson-datatype-jsr310/2.10.3/jackson-datatype-jsr310-2.10.3-sources.jar","javadocContainerUrl":"file:/C:/Users/Lenovo/.m2/repository/com/fasterxml/jackson/datatype/jackson-datatype-jsr310/2.10.3/jackson-datatype-jsr310-2.10.3-javadoc.jar","isSystem":false,"isOwn":false,"isTest":false,"isJavaContent":false},{"kind":"binary","path":"C:\\Users\\Lenovo\\.m2\\repository\\com\\fasterxml\\jackson\\module\\jackson-module-parameter-names\\2.10.3\\jackson-module-parameter-names-2.10.3.jar","sourceContainerUrl":"file:/C:/Users/Lenovo/.m2/repository/com/fasterxml/jackson/module/jackson-module-parameter-names/2.10.3/jackson-module-parameter-names-2.10.3-sources.jar","javadocContainerUrl":"file:/C:/Users/Lenovo/.m2/repository/com/fasterxml/jackson/module/jackson-module-parameter-names/2.10.3/jackson-module-parameter-names-2.10.3-javadoc.jar","isSystem":false,"isOwn":false,"isTest":false,"isJavaContent":false},{"kind":"binary","path":"C:\\Users\\Lenovo\\.m2\\repository\\org\\springframework\\boot\\spring-boot-starter-tomcat\\2.2.6.RELEASE\\spring-boot-starter-tomcat-2.2.6.RELEASE.jar","sourceContainerUrl":"file:/C:/Users/Lenovo/.m2/repository/org/springframework/boot/spring-boot-starter-tomcat/2.2.6.RELEASE/spring-boot-starter-tomcat-2.2.6.RELEASE-sources.jar","isSystem":false,"isOwn":false,"isTest":false,"isJavaContent":false},{"kind":"binary","path":"C:\\Users\\Lenovo\\.m2\\repository\\org\\apache\\tomcat\\embed\\tomcat-embed-core\\9.0.33\\tomcat-embed-core-9.0.33.jar","sourceContainerUrl":"file:/C:/Users/Lenovo/.m2/repository/org/apache/tomcat/embed/tomcat-embed-core/9.0.33/tomcat-embed-core-9.0.33-sources.jar","isSystem":false,"isOwn":false,"isTest":false,"isJavaContent":false},{"kind":"binary","path":"C:\\Users\\Lenovo\\.m2\\repository\\org\\apache\\tomcat\\embed\\tomcat-embed-el\\9.0.33\\tomcat-embed-el-9.0.33.jar","sourceContainerUrl":"file:/C:/Users/Lenovo/.m2/repository/org/apache/tomcat/embed/tomcat-embed-el/9.0.33/tomcat-embed-el-9.0.33-sources.jar","isSystem":false,"isOwn":false,"isTest":false,"isJavaContent":false},{"kind":"binary","path":"C:\\Users\\Lenovo\\.m2\\repository\\org\\apache\\tomcat\\embed\\tomcat-embed-websocket\\9.0.33\\tomcat-embed-websocket-9.0.33.jar","sourceContainerUrl":"file:/C:/Users/Lenovo/.m2/repository/org/apache/tomcat/embed/tomcat-embed-websocket/9.0.33/tomcat-embed-websocket-9.0.33-sources.jar","isSystem":false,"isOwn":false,"isTest":false,"isJavaContent":false},{"kind":"binary","path":"C:\\Users\\Lenovo\\.m2\\repository\\org\\springframework\\boot\\spring-boot-starter-validation\\2.2.6.RELEASE\\spring-boot-starter-validation-2.2.6.RELEASE.jar","sourceContainerUrl":"file:/C:/Users/Lenovo/.m2/repository/org/springframework/boot/spring-boot-starter-validation/2.2.6.RELEASE/spring-boot-starter-validation-2.2.6.RELEASE-sources.jar","isSystem":false,"isOwn":false,"isTest":false,"isJavaContent":false},{"kind":"binary","path":"C:\\Users\\Lenovo\\.m2\\repository\\jakarta\\validation\\jakarta.validation-api\\2.0.2\\jakarta.validation-api-2.0.2.jar","sourceContainerUrl":"file:/C:/Users/Lenovo/.m2/repository/jakarta/validation/jakarta.validation-api/2.0.2/jakarta.validation-api-2.0.2-sources.jar","javadocContainerUrl":"file:/C:/Users/Lenovo/.m2/repository/jakarta/validation/jakarta.validation-api/2.0.2/jakarta.validation-api-2.0.2-javadoc.jar","isSystem":false,"isOwn":false,"isTest":false,"isJavaContent":false},{"kind":"binary","path":"C:\\Users\\Lenovo\\.m2\\repository\\org\\hibernate\\validator\\hibernate-validator\\6.0.18.Final\\hibernate-validator-6.0.18.Final.jar","sourceContainerUrl":"file:/C:/Users/Lenovo/.m2/repository/org/hibernate/validator/hibernate-validator/6.0.18.Final/hibernate-validator-6.0.18.Final-sources.jar","isSystem":false,"isOwn":false,"isTest":false,"isJavaContent":false},{"kind":"binary","path":"C:\\Users\\Lenovo\\.m2\\repository\\org\\jboss\\logging\\jboss-logging\\3.4.1.Final\\jboss-logging-3.4.1.Final.jar","sourceContainerUrl":"file:/C:/Users/Lenovo/.m2/repository/org/jboss/logging/jboss-logging/3.4.1.Final/jboss-logging-3.4.1.Final-sources.jar","javadocContainerUrl":"file:/C:/Users/Lenovo/.m2/repository/org/jboss/logging/jboss-logging/3.4.1.Final/jboss-logging-3.4.1.Final-javadoc.jar","isSystem":false,"isOwn":false,"isTest":false,"isJavaContent":false},{"kind":"binary","path":"C:\\Users\\Lenovo\\.m2\\repository\\com\\fasterxml\\classmate\\1.5.1\\classmate-1.5.1.jar","sourceContainerUrl":"file:/C:/Users/Lenovo/.m2/repository/com/fasterxml/classmate/1.5.1/classmate-1.5.1-sources.jar","javadocContainerUrl":"file:/C:/Users/Lenovo/.m2/repository/com/fasterxml/classmate/1.5.1/classmate-1.5.1-javadoc.jar","isSystem":false,"isOwn":false,"isTest":false,"isJavaContent":false},{"kind":"binary","path":"C:\\Users\\Lenovo\\.m2\\repository\\org\\springframework\\spring-web\\5.2.5.RELEASE\\spring-web-5.2.5.RELEASE.jar","sourceContainerUrl":"file:/C:/Users/Lenovo/.m2/repository/org/springframework/spring-web/5.2.5.RELEASE/spring-web-5.2.5.RELEASE-sources.jar","javadocContainerUrl":"file:/C:/Users/Lenovo/.m2/repository/org/springframework/spring-web/5.2.5.RELEASE/spring-web-5.2.5.RELEASE-javadoc.jar","isSystem":false,"isOwn":false,"isTest":false,"isJavaContent":false},{"kind":"binary","path":"C:\\Users\\Lenovo\\.m2\\repository\\org\\springframework\\spring-beans\\5.2.5.RELEASE\\spring-beans-5.2.5.RELEASE.jar","sourceContainerUrl":"file:/C:/Users/Lenovo/.m2/repository/org/springframework/spring-beans/5.2.5.RELEASE/spring-beans-5.2.5.RELEASE-sources.jar","javadocContainerUrl":"file:/C:/Users/Lenovo/.m2/repository/org/springframework/spring-beans/5.2.5.RELEASE/spring-beans-5.2.5.RELEASE-javadoc.jar","isSystem":false,"isOwn":false,"isTest":false,"isJavaContent":false},{"kind":"binary","path":"C:\\Users\\Lenovo\\.m2\\repository\\org\\springframework\\spring-webmvc\\5.2.5.RELEASE\\spring-webmvc-5.2.5.RELEASE.jar","sourceContainerUrl":"file:/C:/Users/Lenovo/.m2/repository/org/springframework/spring-webmvc/5.2.5.RELEASE/spring-webmvc-5.2.5.RELEASE-sources.jar","javadocContainerUrl":"file:/C:/Users/Lenovo/.m2/repository/org/springframework/spring-webmvc/5.2.5.RELEASE/spring-webmvc-5.2.5.RELEASE-javadoc.jar","isSystem":false,"isOwn":false,"isTest":false,"isJavaContent":false},{"kind":"binary","path":"C:\\Users\\Lenovo\\.m2\\repository\\org\\springframework\\spring-aop\\5.2.5.RELEASE\\spring-aop-5.2.5.RELEASE.jar","sourceContainerUrl":"file:/C:/Users/Lenovo/.m2/repository/org/springframework/spring-aop/5.2.5.RELEASE/spring-aop-5.2.5.RELEASE-sources.jar","javadocContainerUrl":"file:/C:/Users/Lenovo/.m2/repository/org/springframework/spring-aop/5.2.5.RELEASE/spring-aop-5.2.5.RELEASE-javadoc.jar","isSystem":false,"isOwn":false,"isTest":false,"isJavaContent":false},{"kind":"binary","path":"C:\\Users\\Lenovo\\.m2\\repository\\org\\springframework\\spring-context\\5.2.5.RELEASE\\spring-context-5.2.5.RELEASE.jar","sourceContainerUrl":"file:/C:/Users/Lenovo/.m2/repository/org/springframework/spring-context/5.2.5.RELEASE/spring-context-5.2.5.RELEASE-sources.jar","javadocContainerUrl":"file:/C:/Users/Lenovo/.m2/repository/org/springframework/spring-context/5.2.5.RELEASE/spring-context-5.2.5.RELEASE-javadoc.jar","isSystem":false,"isOwn":false,"isTest":false,"isJavaContent":false},{"kind":"binary","path":"C:\\Users\\Lenovo\\.m2\\repository\\org\\springframework\\spring-expression\\5.2.5.RELEASE\\spring-expression-5.2.5.RELEASE.jar","sourceContainerUrl":"file:/C:/Users/Lenovo/.m2/repository/org/springframework/spring-expression/5.2.5.RELEASE/spring-expression-5.2.5.RELEASE-sources.jar","javadocContainerUrl":"file:/C:/Users/Lenovo/.m2/repository/org/springframework/spring-expression/5.2.5.RELEASE/spring-expression-5.2.5.RELEASE-javadoc.jar","isSystem":false,"isOwn":false,"isTest":false,"isJavaContent":false},{"kind":"binary","path":"C:\\Users\\Lenovo\\.m2\\repository\\de\\codecentric\\spring-boot-admin-starter-server\\2.2.1\\spring-boot-admin-starter-server-2.2.1.jar","javadocContainerUrl":"file:/C:/Users/Lenovo/.m2/repository/de/codecentric/spring-boot-admin-starter-server/2.2.1/spring-boot-admin-starter-server-2.2.1-javadoc.jar","isSystem":false,"isOwn":false,"isTest":false,"isJavaContent":false},{"kind":"binary","path":"C:\\Users\\Lenovo\\.m2\\repository\\de\\codecentric\\spring-boot-admin-server\\2.2.1\\spring-boot-admin-server-2.2.1.jar","sourceContainerUrl":"file:/C:/Users/Lenovo/.m2/repository/de/codecentric/spring-boot-admin-server/2.2.1/spring-boot-admin-server-2.2.1-sources.jar","javadocContainerUrl":"file:/C:/Users/Lenovo/.m2/repository/de/codecentric/spring-boot-admin-server/2.2.1/spring-boot-admin-server-2.2.1-javadoc.jar","isSystem":false,"isOwn":false,"isTest":false,"isJavaContent":false},{"kind":"binary","path":"C:\\Users\\Lenovo\\.m2\\repository\\org\\springframework\\boot\\spring-boot-starter-webflux\\2.2.6.RELEASE\\spring-boot-starter-webflux-2.2.6.RELEASE.jar","sourceContainerUrl":"file:/C:/Users/Lenovo/.m2/repository/org/springframework/boot/spring-boot-starter-webflux/2.2.6.RELEASE/spring-boot-starter-webflux-2.2.6.RELEASE-sources.jar","isSystem":false,"isOwn":false,"isTest":false,"isJavaContent":false},{"kind":"binary","path":"C:\\Users\\Lenovo\\.m2\\repository\\org\\springframework\\boot\\spring-boot-starter-reactor-netty\\2.2.6.RELEASE\\spring-boot-starter-reactor-netty-2.2.6.RELEASE.jar","sourceContainerUrl":"file:/C:/Users/Lenovo/.m2/repository/org/springframework/boot/spring-boot-starter-reactor-netty/2.2.6.RELEASE/spring-boot-starter-reactor-netty-2.2.6.RELEASE-sources.jar","isSystem":false,"isOwn":false,"isTest":false,"isJavaContent":false},{"kind":"binary","path":"C:\\Users\\Lenovo\\.m2\\repository\\io\\projectreactor\\netty\\reactor-netty\\0.9.6.RELEASE\\reactor-netty-0.9.6.RELEASE.jar","sourceContainerUrl":"file:/C:/Users/Lenovo/.m2/repository/io/projectreactor/netty/reactor-netty/0.9.6.RELEASE/reactor-netty-0.9.6.RELEASE-sources.jar","javadocContainerUrl":"file:/C:/Users/Lenovo/.m2/repository/io/projectreactor/netty/reactor-netty/0.9.6.RELEASE/reactor-netty-0.9.6.RELEASE-javadoc.jar","isSystem":false,"isOwn":false,"isTest":false,"isJavaContent":false},{"kind":"binary","path":"C:\\Users\\Lenovo\\.m2\\repository\\io\\netty\\netty-codec-http\\4.1.48.Final\\netty-codec-http-4.1.48.Final.jar","sourceContainerUrl":"file:/C:/Users/Lenovo/.m2/repository/io/netty/netty-codec-http/4.1.48.Final/netty-codec-http-4.1.48.Final-sources.jar","javadocContainerUrl":"file:/C:/Users/Lenovo/.m2/repository/io/netty/netty-codec-http/4.1.48.Final/netty-codec-http-4.1.48.Final-javadoc.jar","isSystem":false,"isOwn":false,"isTest":false,"isJavaContent":false},{"kind":"binary","path":"C:\\Users\\Lenovo\\.m2\\repository\\io\\netty\\netty-common\\4.1.48.Final\\netty-common-4.1.48.Final.jar","sourceContainerUrl":"file:/C:/Users/Lenovo/.m2/repository/io/netty/netty-common/4.1.48.Final/netty-common-4.1.48.Final-sources.jar","javadocContainerUrl":"file:/C:/Users/Lenovo/.m2/repository/io/netty/netty-common/4.1.48.Final/netty-common-4.1.48.Final-javadoc.jar","isSystem":false,"isOwn":false,"isTest":false,"isJavaContent":false},{"kind":"binary","path":"C:\\Users\\Lenovo\\.m2\\repository\\io\\netty\\netty-buffer\\4.1.48.Final\\netty-buffer-4.1.48.Final.jar","sourceContainerUrl":"file:/C:/Users/Lenovo/.m2/repository/io/netty/netty-buffer/4.1.48.Final/netty-buffer-4.1.48.Final-sources.jar","javadocContainerUrl":"file:/C:/Users/Lenovo/.m2/repository/io/netty/netty-buffer/4.1.48.Final/netty-buffer-4.1.48.Final-javadoc.jar","isSystem":false,"isOwn":false,"isTest":false,"isJavaContent":false},{"kind":"binary","path":"C:\\Users\\Lenovo\\.m2\\repository\\io\\netty\\netty-transport\\4.1.48.Final\\netty-transport-4.1.48.Final.jar","sourceContainerUrl":"file:/C:/Users/Lenovo/.m2/repository/io/netty/netty-transport/4.1.48.Final/netty-transport-4.1.48.Final-sources.jar","javadocContainerUrl":"file:/C:/Users/Lenovo/.m2/repository/io/netty/netty-transport/4.1.48.Final/netty-transport-4.1.48.Final-javadoc.jar","isSystem":false,"isOwn":false,"isTest":false,"isJavaContent":false},{"kind":"binary","path":"C:\\Users\\Lenovo\\.m2\\repository\\io\\netty\\netty-codec\\4.1.48.Final\\netty-codec-4.1.48.Final.jar","sourceContainerUrl":"file:/C:/Users/Lenovo/.m2/repository/io/netty/netty-codec/4.1.48.Final/netty-codec-4.1.48.Final-sources.jar","javadocContainerUrl":"file:/C:/Users/Lenovo/.m2/repository/io/netty/netty-codec/4.1.48.Final/netty-codec-4.1.48.Final-javadoc.jar","isSystem":false,"isOwn":false,"isTest":false,"isJavaContent":false},{"kind":"binary","path":"C:\\Users\\Lenovo\\.m2\\repository\\io\\netty\\netty-codec-http2\\4.1.48.Final\\netty-codec-http2-4.1.48.Final.jar","sourceContainerUrl":"file:/C:/Users/Lenovo/.m2/repository/io/netty/netty-codec-http2/4.1.48.Final/netty-codec-http2-4.1.48.Final-sources.jar","javadocContainerUrl":"file:/C:/Users/Lenovo/.m2/repository/io/netty/netty-codec-http2/4.1.48.Final/netty-codec-http2-4.1.48.Final-javadoc.jar","isSystem":false,"isOwn":false,"isTest":false,"isJavaContent":false},{"kind":"binary","path":"C:\\Users\\Lenovo\\.m2\\repository\\io\\netty\\netty-handler\\4.1.48.Final\\netty-handler-4.1.48.Final.jar","sourceContainerUrl":"file:/C:/Users/Lenovo/.m2/repository/io/netty/netty-handler/4.1.48.Final/netty-handler-4.1.48.Final-sources.jar","javadocContainerUrl":"file:/C:/Users/Lenovo/.m2/repository/io/netty/netty-handler/4.1.48.Final/netty-handler-4.1.48.Final-javadoc.jar","isSystem":false,"isOwn":false,"isTest":false,"isJavaContent":false},{"kind":"binary","path":"C:\\Users\\Lenovo\\.m2\\repository\\io\\netty\\netty-resolver\\4.1.48.Final\\netty-resolver-4.1.48.Final.jar","sourceContainerUrl":"file:/C:/Users/Lenovo/.m2/repository/io/netty/netty-resolver/4.1.48.Final/netty-resolver-4.1.48.Final-sources.jar","javadocContainerUrl":"file:/C:/Users/Lenovo/.m2/repository/io/netty/netty-resolver/4.1.48.Final/netty-resolver-4.1.48.Final-javadoc.jar","isSystem":false,"isOwn":false,"isTest":false,"isJavaContent":false},{"kind":"binary","path":"C:\\Users\\Lenovo\\.m2\\repository\\io\\netty\\netty-handler-proxy\\4.1.48.Final\\netty-handler-proxy-4.1.48.Final.jar","sourceContainerUrl":"file:/C:/Users/Lenovo/.m2/repository/io/netty/netty-handler-proxy/4.1.48.Final/netty-handler-proxy-4.1.48.Final-sources.jar","javadocContainerUrl":"file:/C:/Users/Lenovo/.m2/repository/io/netty/netty-handler-proxy/4.1.48.Final/netty-handler-proxy-4.1.48.Final-javadoc.jar","isSystem":false,"isOwn":false,"isTest":false,"isJavaContent":false},{"kind":"binary","path":"C:\\Users\\Lenovo\\.m2\\repository\\io\\netty\\netty-codec-socks\\4.1.48.Final\\netty-codec-socks-4.1.48.Final.jar","sourceContainerUrl":"file:/C:/Users/Lenovo/.m2/repository/io/netty/netty-codec-socks/4.1.48.Final/netty-codec-socks-4.1.48.Final-sources.jar","javadocContainerUrl":"file:/C:/Users/Lenovo/.m2/repository/io/netty/netty-codec-socks/4.1.48.Final/netty-codec-socks-4.1.48.Final-javadoc.jar","isSystem":false,"isOwn":false,"isTest":false,"isJavaContent":false},{"kind":"binary","path":"C:\\Users\\Lenovo\\.m2\\repository\\io\\netty\\netty-transport-native-epoll\\4.1.48.Final\\netty-transport-native-epoll-4.1.48.Final-linux-x86_64.jar","sourceContainerUrl":"file:/C:/Users/Lenovo/.m2/repository/io/netty/netty-transport-native-epoll/4.1.48.Final/netty-transport-native-epoll-4.1.48.Final-sources.jar","javadocContainerUrl":"file:/C:/Users/Lenovo/.m2/repository/io/netty/netty-transport-native-epoll/4.1.48.Final/netty-transport-native-epoll-4.1.48.Final-javadoc.jar","isSystem":false,"isOwn":false,"isTest":false,"isJavaContent":false},{"kind":"binary","path":"C:\\Users\\Lenovo\\.m2\\repository\\io\\netty\\netty-transport-native-unix-common\\4.1.48.Final\\netty-transport-native-unix-common-4.1.48.Final.jar","sourceContainerUrl":"file:/C:/Users/Lenovo/.m2/repository/io/netty/netty-transport-native-unix-common/4.1.48.Final/netty-transport-native-unix-common-4.1.48.Final-sources.jar","javadocContainerUrl":"file:/C:/Users/Lenovo/.m2/repository/io/netty/netty-transport-native-unix-common/4.1.48.Final/netty-transport-native-unix-common-4.1.48.Final-javadoc.jar","isSystem":false,"isOwn":false,"isTest":false,"isJavaContent":false},{"kind":"binary","path":"C:\\Users\\Lenovo\\.m2\\repository\\org\\glassfish\\jakarta.el\\3.0.3\\jakarta.el-3.0.3.jar","sourceContainerUrl":"file:/C:/Users/Lenovo/.m2/repository/org/glassfish/jakarta.el/3.0.3/jakarta.el-3.0.3-sources.jar","javadocContainerUrl":"file:/C:/Users/Lenovo/.m2/repository/org/glassfish/jakarta.el/3.0.3/jakarta.el-3.0.3-javadoc.jar","isSystem":false,"isOwn":false,"isTest":false,"isJavaContent":false},{"kind":"binary","path":"C:\\Users\\Lenovo\\.m2\\repository\\org\\springframework\\spring-webflux\\5.2.5.RELEASE\\spring-webflux-5.2.5.RELEASE.jar","sourceContainerUrl":"file:/C:/Users/Lenovo/.m2/repository/org/springframework/spring-webflux/5.2.5.RELEASE/spring-webflux-5.2.5.RELEASE-sources.jar","javadocContainerUrl":"file:/C:/Users/Lenovo/.m2/repository/org/springframework/spring-webflux/5.2.5.RELEASE/spring-webflux-5.2.5.RELEASE-javadoc.jar","isSystem":false,"isOwn":false,"isTest":false,"isJavaContent":false},{"kind":"binary","path":"C:\\Users\\Lenovo\\.m2\\repository\\org\\synchronoss\\cloud\\nio-multipart-parser\\1.1.0\\nio-multipart-parser-1.1.0.jar","sourceContainerUrl":"file:/C:/Users/Lenovo/.m2/repository/org/synchronoss/cloud/nio-multipart-parser/1.1.0/nio-multipart-parser-1.1.0-sources.jar","javadocContainerUrl":"file:/C:/Users/Lenovo/.m2/repository/org/synchronoss/cloud/nio-multipart-parser/1.1.0/nio-multipart-parser-1.1.0-javadoc.jar","isSystem":false,"isOwn":false,"isTest":false,"isJavaContent":false},{"kind":"binary","path":"C:\\Users\\Lenovo\\.m2\\repository\\org\\synchronoss\\cloud\\nio-stream-storage\\1.1.3\\nio-stream-storage-1.1.3.jar","sourceContainerUrl":"file:/C:/Users/Lenovo/.m2/repository/org/synchronoss/cloud/nio-stream-storage/1.1.3/nio-stream-storage-1.1.3-sources.jar","javadocContainerUrl":"file:/C:/Users/Lenovo/.m2/repository/org/synchronoss/cloud/nio-stream-storage/1.1.3/nio-stream-storage-1.1.3-javadoc.jar","isSystem":false,"isOwn":false,"isTest":false,"isJavaContent":false},{"kind":"binary","path":"C:\\Users\\Lenovo\\.m2\\repository\\org\\springframework\\boot\\spring-boot-starter-thymeleaf\\2.2.6.RELEASE\\spring-boot-starter-thymeleaf-2.2.6.RELEASE.jar","sourceContainerUrl":"file:/C:/Users/Lenovo/.m2/repository/org/springframework/boot/spring-boot-starter-thymeleaf/2.2.6.RELEASE/spring-boot-starter-thymeleaf-2.2.6.RELEASE-sources.jar","isSystem":false,"isOwn":false,"isTest":false,"isJavaContent":false},{"kind":"binary","path":"C:\\Users\\Lenovo\\.m2\\repository\\org\\thymeleaf\\thymeleaf-spring5\\3.0.11.RELEASE\\thymeleaf-spring5-3.0.11.RELEASE.jar","sourceContainerUrl":"file:/C:/Users/Lenovo/.m2/repository/org/thymeleaf/thymeleaf-spring5/3.0.11.RELEASE/thymeleaf-spring5-3.0.11.RELEASE-sources.jar","javadocContainerUrl":"file:/C:/Users/Lenovo/.m2/repository/org/thymeleaf/thymeleaf-spring5/3.0.11.RELEASE/thymeleaf-spring5-3.0.11.RELEASE-javadoc.jar","isSystem":false,"isOwn":false,"isTest":false,"isJavaContent":false},{"kind":"binary","path":"C:\\Users\\Lenovo\\.m2\\repository\\org\\thymeleaf\\thymeleaf\\3.0.11.RELEASE\\thymeleaf-3.0.11.RELEASE.jar","sourceContainerUrl":"file:/C:/Users/Lenovo/.m2/repository/org/thymeleaf/thymeleaf/3.0.11.RELEASE/thymeleaf-3.0.11.RELEASE-sources.jar","javadocContainerUrl":"file:/C:/Users/Lenovo/.m2/repository/org/thymeleaf/thymeleaf/3.0.11.RELEASE/thymeleaf-3.0.11.RELEASE-javadoc.jar","isSystem":false,"isOwn":false,"isTest":false,"isJavaContent":false},{"kind":"binary","path":"C:\\Users\\Lenovo\\.m2\\repository\\org\\attoparser\\attoparser\\2.0.5.RELEASE\\attoparser-2.0.5.RELEASE.jar","sourceContainerUrl":"file:/C:/Users/Lenovo/.m2/repository/org/attoparser/attoparser/2.0.5.RELEASE/attoparser-2.0.5.RELEASE-sources.jar","javadocContainerUrl":"file:/C:/Users/Lenovo/.m2/repository/org/attoparser/attoparser/2.0.5.RELEASE/attoparser-2.0.5.RELEASE-javadoc.jar","isSystem":false,"isOwn":false,"isTest":false,"isJavaContent":false},{"kind":"binary","path":"C:\\Users\\Lenovo\\.m2\\repository\\org\\unbescape\\unbescape\\1.1.6.RELEASE\\unbescape-1.1.6.RELEASE.jar","sourceContainerUrl":"file:/C:/Users/Lenovo/.m2/repository/org/unbescape/unbescape/1.1.6.RELEASE/unbescape-1.1.6.RELEASE-sources.jar","javadocContainerUrl":"file:/C:/Users/Lenovo/.m2/repository/org/unbescape/unbescape/1.1.6.RELEASE/unbescape-1.1.6.RELEASE-javadoc.jar","isSystem":false,"isOwn":false,"isTest":false,"isJavaContent":false},{"kind":"binary","path":"C:\\Users\\Lenovo\\.m2\\repository\\org\\thymeleaf\\extras\\thymeleaf-extras-java8time\\3.0.4.RELEASE\\thymeleaf-extras-java8time-3.0.4.RELEASE.jar","sourceContainerUrl":"file:/C:/Users/Lenovo/.m2/repository/org/thymeleaf/extras/thymeleaf-extras-java8time/3.0.4.RELEASE/thymeleaf-extras-java8time-3.0.4.RELEASE-sources.jar","javadocContainerUrl":"file:/C:/Users/Lenovo/.m2/repository/org/thymeleaf/extras/thymeleaf-extras-java8time/3.0.4.RELEASE/thymeleaf-extras-java8time-3.0.4.RELEASE-javadoc.jar","isSystem":false,"isOwn":false,"isTest":false,"isJavaContent":false},{"kind":"binary","path":"C:\\Users\\Lenovo\\.m2\\repository\\io\\projectreactor\\addons\\reactor-extra\\3.3.3.RELEASE\\reactor-extra-3.3.3.RELEASE.jar","sourceContainerUrl":"file:/C:/Users/Lenovo/.m2/repository/io/projectreactor/addons/reactor-extra/3.3.3.RELEASE/reactor-extra-3.3.3.RELEASE-sources.jar","javadocContainerUrl":"file:/C:/Users/Lenovo/.m2/repository/io/projectreactor/addons/reactor-extra/3.3.3.RELEASE/reactor-extra-3.3.3.RELEASE-javadoc.jar","isSystem":false,"isOwn":false,"isTest":false,"isJavaContent":false},{"kind":"binary","path":"C:\\Users\\Lenovo\\.m2\\repository\\io\\projectreactor\\reactor-core\\3.3.4.RELEASE\\reactor-core-3.3.4.RELEASE.jar","sourceContainerUrl":"file:/C:/Users/Lenovo/.m2/repository/io/projectreactor/reactor-core/3.3.4.RELEASE/reactor-core-3.3.4.RELEASE-sources.jar","javadocContainerUrl":"file:/C:/Users/Lenovo/.m2/repository/io/projectreactor/reactor-core/3.3.4.RELEASE/reactor-core-3.3.4.RELEASE-javadoc.jar","isSystem":false,"isOwn":false,"isTest":false,"isJavaContent":false},{"kind":"binary","path":"C:\\Users\\Lenovo\\.m2\\repository\\org\\reactivestreams\\reactive-streams\\1.0.3\\reactive-streams-1.0.3.jar","sourceContainerUrl":"file:/C:/Users/Lenovo/.m2/repository/org/reactivestreams/reactive-streams/1.0.3/reactive-streams-1.0.3-sources.jar","javadocContainerUrl":"file:/C:/Users/Lenovo/.m2/repository/org/reactivestreams/reactive-streams/1.0.3/reactive-streams-1.0.3-javadoc.jar","isSystem":false,"isOwn":false,"isTest":false,"isJavaContent":false},{"kind":"binary","path":"C:\\Users\\Lenovo\\.m2\\repository\\de\\codecentric\\spring-boot-admin-server-ui\\2.2.1\\spring-boot-admin-server-ui-2.2.1.jar","sourceContainerUrl":"file:/C:/Users/Lenovo/.m2/repository/de/codecentric/spring-boot-admin-server-ui/2.2.1/spring-boot-admin-server-ui-2.2.1-sources.jar","javadocContainerUrl":"file:/C:/Users/Lenovo/.m2/repository/de/codecentric/spring-boot-admin-server-ui/2.2.1/spring-boot-admin-server-ui-2.2.1-javadoc.jar","isSystem":false,"isOwn":false,"isTest":false,"isJavaContent":false},{"kind":"binary","path":"C:\\Users\\Lenovo\\.m2\\repository\\de\\codecentric\\spring-boot-admin-server-cloud\\2.2.1\\spring-boot-admin-server-cloud-2.2.1.jar","sourceContainerUrl":"file:/C:/Users/Lenovo/.m2/repository/de/codecentric/spring-boot-admin-server-cloud/2.2.1/spring-boot-admin-server-cloud-2.2.1-sources.jar","javadocContainerUrl":"file:/C:/Users/Lenovo/.m2/repository/de/codecentric/spring-boot-admin-server-cloud/2.2.1/spring-boot-admin-server-cloud-2.2.1-javadoc.jar","isSystem":false,"isOwn":false,"isTest":false,"isJavaContent":false},{"kind":"binary","path":"C:\\Users\\Lenovo\\.m2\\repository\\org\\springframework\\boot\\spring-boot-starter-test\\2.2.6.RELEASE\\spring-boot-starter-test-2.2.6.RELEASE.jar","sourceContainerUrl":"file:/C:/Users/Lenovo/.m2/repository/org/springframework/boot/spring-boot-starter-test/2.2.6.RELEASE/spring-boot-starter-test-2.2.6.RELEASE-sources.jar","isSystem":false,"isOwn":false,"isTest":false,"isJavaContent":false},{"kind":"binary","path":"C:\\Users\\Lenovo\\.m2\\repository\\org\\springframework\\boot\\spring-boot-test\\2.2.6.RELEASE\\spring-boot-test-2.2.6.RELEASE.jar","sourceContainerUrl":"file:/C:/Users/Lenovo/.m2/repository/org/springframework/boot/spring-boot-test/2.2.6.RELEASE/spring-boot-test-2.2.6.RELEASE-sources.jar","javadocContainerUrl":"file:/C:/Users/Lenovo/.m2/repository/org/springframework/boot/spring-boot-test/2.2.6.RELEASE/spring-boot-test-2.2.6.RELEASE-javadoc.jar","isSystem":false,"isOwn":false,"isTest":false,"isJavaContent":false},{"kind":"binary","path":"C:\\Users\\Lenovo\\.m2\\repository\\org\\springframework\\boot\\spring-boot-test-autoconfigure\\2.2.6.RELEASE\\spring-boot-test-autoconfigure-2.2.6.RELEASE.jar","sourceContainerUrl":"file:/C:/Users/Lenovo/.m2/repository/org/springframework/boot/spring-boot-test-autoconfigure/2.2.6.RELEASE/spring-boot-test-autoconfigure-2.2.6.RELEASE-sources.jar","javadocContainerUrl":"file:/C:/Users/Lenovo/.m2/repository/org/springframework/boot/spring-boot-test-autoconfigure/2.2.6.RELEASE/spring-boot-test-autoconfigure-2.2.6.RELEASE-javadoc.jar","isSystem":false,"isOwn":false,"isTest":false,"isJavaContent":false},{"kind":"binary","path":"C:\\Users\\Lenovo\\.m2\\repository\\com\\jayway\\jsonpath\\json-path\\2.4.0\\json-path-2.4.0.jar","sourceContainerUrl":"file:/C:/Users/Lenovo/.m2/repository/com/jayway/jsonpath/json-path/2.4.0/json-path-2.4.0-sources.jar","javadocContainerUrl":"file:/C:/Users/Lenovo/.m2/repository/com/jayway/jsonpath/json-path/2.4.0/json-path-2.4.0-javadoc.jar","isSystem":false,"isOwn":false,"isTest":false,"isJavaContent":false},{"kind":"binary","path":"C:\\Users\\Lenovo\\.m2\\repository\\net\\minidev\\json-smart\\2.3\\json-smart-2.3.jar","sourceContainerUrl":"file:/C:/Users/Lenovo/.m2/repository/net/minidev/json-smart/2.3/json-smart-2.3-sources.jar","javadocContainerUrl":"file:/C:/Users/Lenovo/.m2/repository/net/minidev/json-smart/2.3/json-smart-2.3-javadoc.jar","isSystem":false,"isOwn":false,"isTest":false,"isJavaContent":false},{"kind":"binary","path":"C:\\Users\\Lenovo\\.m2\\repository\\net\\minidev\\accessors-smart\\1.2\\accessors-smart-1.2.jar","sourceContainerUrl":"file:/C:/Users/Lenovo/.m2/repository/net/minidev/accessors-smart/1.2/accessors-smart-1.2-sources.jar","javadocContainerUrl":"file:/C:/Users/Lenovo/.m2/repository/net/minidev/accessors-smart/1.2/accessors-smart-1.2-javadoc.jar","isSystem":false,"isOwn":false,"isTest":false,"isJavaContent":false},{"kind":"binary","path":"C:\\Users\\Lenovo\\.m2\\repository\\org\\ow2\\asm\\asm\\5.0.4\\asm-5.0.4.jar","sourceContainerUrl":"file:/C:/Users/Lenovo/.m2/repository/org/ow2/asm/asm/5.0.4/asm-5.0.4-sources.jar","javadocContainerUrl":"file:/C:/Users/Lenovo/.m2/repository/org/ow2/asm/asm/5.0.4/asm-5.0.4-javadoc.jar","isSystem":false,"isOwn":false,"isTest":false,"isJavaContent":false},{"kind":"binary","path":"C:\\Users\\Lenovo\\.m2\\repository\\org\\slf4j\\slf4j-api\\1.7.30\\slf4j-api-1.7.30.jar","sourceContainerUrl":"file:/C:/Users/Lenovo/.m2/repository/org/slf4j/slf4j-api/1.7.30/slf4j-api-1.7.30-sources.jar","javadocContainerUrl":"file:/C:/Users/Lenovo/.m2/repository/org/slf4j/slf4j-api/1.7.30/slf4j-api-1.7.30-javadoc.jar","isSystem":false,"isOwn":false,"isTest":false,"isJavaContent":false},{"kind":"binary","path":"C:\\Users\\Lenovo\\.m2\\repository\\jakarta\\xml\\bind\\jakarta.xml.bind-api\\2.3.3\\jakarta.xml.bind-api-2.3.3.jar","sourceContainerUrl":"file:/C:/Users/Lenovo/.m2/repository/jakarta/xml/bind/jakarta.xml.bind-api/2.3.3/jakarta.xml.bind-api-2.3.3-sources.jar","javadocContainerUrl":"file:/C:/Users/Lenovo/.m2/repository/jakarta/xml/bind/jakarta.xml.bind-api/2.3.3/jakarta.xml.bind-api-2.3.3-javadoc.jar","isSystem":false,"isOwn":false,"isTest":false,"isJavaContent":false},{"kind":"binary","path":"C:\\Users\\Lenovo\\.m2\\repository\\jakarta\\activation\\jakarta.activation-api\\1.2.2\\jakarta.activation-api-1.2.2.jar","sourceContainerUrl":"file:/C:/Users/Lenovo/.m2/repository/jakarta/activation/jakarta.activation-api/1.2.2/jakarta.activation-api-1.2.2-sources.jar","javadocContainerUrl":"file:/C:/Users/Lenovo/.m2/repository/jakarta/activation/jakarta.activation-api/1.2.2/jakarta.activation-api-1.2.2-javadoc.jar","isSystem":false,"isOwn":false,"isTest":false,"isJavaContent":false},{"kind":"binary","path":"C:\\Users\\Lenovo\\.m2\\repository\\org\\junit\\jupiter\\junit-jupiter\\5.5.2\\junit-jupiter-5.5.2.jar","sourceContainerUrl":"file:/C:/Users/Lenovo/.m2/repository/org/junit/jupiter/junit-jupiter/5.5.2/junit-jupiter-5.5.2-sources.jar","javadocContainerUrl":"file:/C:/Users/Lenovo/.m2/repository/org/junit/jupiter/junit-jupiter/5.5.2/junit-jupiter-5.5.2-javadoc.jar","isSystem":false,"isOwn":false,"isTest":false,"isJavaContent":false},{"kind":"binary","path":"C:\\Users\\Lenovo\\.m2\\repository\\org\\junit\\jupiter\\junit-jupiter-api\\5.5.2\\junit-jupiter-api-5.5.2.jar","sourceContainerUrl":"file:/C:/Users/Lenovo/.m2/repository/org/junit/jupiter/junit-jupiter-api/5.5.2/junit-jupiter-api-5.5.2-sources.jar","javadocContainerUrl":"file:/C:/Users/Lenovo/.m2/repository/org/junit/jupiter/junit-jupiter-api/5.5.2/junit-jupiter-api-5.5.2-javadoc.jar","isSystem":false,"isOwn":false,"isTest":false,"isJavaContent":false},{"kind":"binary","path":"C:\\Users\\Lenovo\\.m2\\repository\\org\\apiguardian\\apiguardian-api\\1.1.0\\apiguardian-api-1.1.0.jar","sourceContainerUrl":"file:/C:/Users/Lenovo/.m2/repository/org/apiguardian/apiguardian-api/1.1.0/apiguardian-api-1.1.0-sources.jar","javadocContainerUrl":"file:/C:/Users/Lenovo/.m2/repository/org/apiguardian/apiguardian-api/1.1.0/apiguardian-api-1.1.0-javadoc.jar","isSystem":false,"isOwn":false,"isTest":false,"isJavaContent":false},{"kind":"binary","path":"C:\\Users\\Lenovo\\.m2\\repository\\org\\opentest4j\\opentest4j\\1.2.0\\opentest4j-1.2.0.jar","sourceContainerUrl":"file:/C:/Users/Lenovo/.m2/repository/org/opentest4j/opentest4j/1.2.0/opentest4j-1.2.0-sources.jar","javadocContainerUrl":"file:/C:/Users/Lenovo/.m2/repository/org/opentest4j/opentest4j/1.2.0/opentest4j-1.2.0-javadoc.jar","isSystem":false,"isOwn":false,"isTest":false,"isJavaContent":false},{"kind":"binary","path":"C:\\Users\\Lenovo\\.m2\\repository\\org\\junit\\platform\\junit-platform-commons\\1.5.2\\junit-platform-commons-1.5.2.jar","sourceContainerUrl":"file:/C:/Users/Lenovo/.m2/repository/org/junit/platform/junit-platform-commons/1.5.2/junit-platform-commons-1.5.2-sources.jar","javadocContainerUrl":"file:/C:/Users/Lenovo/.m2/repository/org/junit/platform/junit-platform-commons/1.5.2/junit-platform-commons-1.5.2-javadoc.jar","isSystem":false,"isOwn":false,"isTest":false,"isJavaContent":false},{"kind":"binary","path":"C:\\Users\\Lenovo\\.m2\\repository\\org\\junit\\jupiter\\junit-jupiter-params\\5.5.2\\junit-jupiter-params-5.5.2.jar","sourceContainerUrl":"file:/C:/Users/Lenovo/.m2/repository/org/junit/jupiter/junit-jupiter-params/5.5.2/junit-jupiter-params-5.5.2-sources.jar","javadocContainerUrl":"file:/C:/Users/Lenovo/.m2/repository/org/junit/jupiter/junit-jupiter-params/5.5.2/junit-jupiter-params-5.5.2-javadoc.jar","isSystem":false,"isOwn":false,"isTest":false,"isJavaContent":false},{"kind":"binary","path":"C:\\Users\\Lenovo\\.m2\\repository\\org\\junit\\jupiter\\junit-jupiter-engine\\5.5.2\\junit-jupiter-engine-5.5.2.jar","sourceContainerUrl":"file:/C:/Users/Lenovo/.m2/repository/org/junit/jupiter/junit-jupiter-engine/5.5.2/junit-jupiter-engine-5.5.2-sources.jar","javadocContainerUrl":"file:/C:/Users/Lenovo/.m2/repository/org/junit/jupiter/junit-jupiter-engine/5.5.2/junit-jupiter-engine-5.5.2-javadoc.jar","isSystem":false,"isOwn":false,"isTest":false,"isJavaContent":false},{"kind":"binary","path":"C:\\Users\\Lenovo\\.m2\\repository\\org\\junit\\platform\\junit-platform-engine\\1.5.2\\junit-platform-engine-1.5.2.jar","sourceContainerUrl":"file:/C:/Users/Lenovo/.m2/repository/org/junit/platform/junit-platform-engine/1.5.2/junit-platform-engine-1.5.2-sources.jar","javadocContainerUrl":"file:/C:/Users/Lenovo/.m2/repository/org/junit/platform/junit-platform-engine/1.5.2/junit-platform-engine-1.5.2-javadoc.jar","isSystem":false,"isOwn":false,"isTest":false,"isJavaContent":false},{"kind":"binary","path":"C:\\Users\\Lenovo\\.m2\\repository\\org\\mockito\\mockito-junit-jupiter\\3.1.0\\mockito-junit-jupiter-3.1.0.jar","sourceContainerUrl":"file:/C:/Users/Lenovo/.m2/repository/org/mockito/mockito-junit-jupiter/3.1.0/mockito-junit-jupiter-3.1.0-sources.jar","javadocContainerUrl":"file:/C:/Users/Lenovo/.m2/repository/org/mockito/mockito-junit-jupiter/3.1.0/mockito-junit-jupiter-3.1.0-javadoc.jar","isSystem":false,"isOwn":false,"isTest":false,"isJavaContent":false},{"kind":"binary","path":"C:\\Users\\Lenovo\\.m2\\repository\\org\\assertj\\assertj-core\\3.13.2\\assertj-core-3.13.2.jar","sourceContainerUrl":"file:/C:/Users/Lenovo/.m2/repository/org/assertj/assertj-core/3.13.2/assertj-core-3.13.2-sources.jar","javadocContainerUrl":"file:/C:/Users/Lenovo/.m2/repository/org/assertj/assertj-core/3.13.2/assertj-core-3.13.2-javadoc.jar","isSystem":false,"isOwn":false,"isTest":false,"isJavaContent":false},{"kind":"binary","path":"C:\\Users\\Lenovo\\.m2\\repository\\org\\hamcrest\\hamcrest\\2.1\\hamcrest-2.1.jar","sourceContainerUrl":"file:/C:/Users/Lenovo/.m2/repository/org/hamcrest/hamcrest/2.1/hamcrest-2.1-sources.jar","javadocContainerUrl":"file:/C:/Users/Lenovo/.m2/repository/org/hamcrest/hamcrest/2.1/hamcrest-2.1-javadoc.jar","isSystem":false,"isOwn":false,"isTest":false,"isJavaContent":false},{"kind":"binary","path":"C:\\Users\\Lenovo\\.m2\\repository\\org\\mockito\\mockito-core\\3.1.0\\mockito-core-3.1.0.jar","sourceContainerUrl":"file:/C:/Users/Lenovo/.m2/repository/org/mockito/mockito-core/3.1.0/mockito-core-3.1.0-sources.jar","javadocContainerUrl":"file:/C:/Users/Lenovo/.m2/repository/org/mockito/mockito-core/3.1.0/mockito-core-3.1.0-javadoc.jar","isSystem":false,"isOwn":false,"isTest":false,"isJavaContent":false},{"kind":"binary","path":"C:\\Users\\Lenovo\\.m2\\repository\\net\\bytebuddy\\byte-buddy\\1.10.8\\byte-buddy-1.10.8.jar","sourceContainerUrl":"file:/C:/Users/Lenovo/.m2/repository/net/bytebuddy/byte-buddy/1.10.8/byte-buddy-1.10.8-sources.jar","javadocContainerUrl":"file:/C:/Users/Lenovo/.m2/repository/net/bytebuddy/byte-buddy/1.10.8/byte-buddy-1.10.8-javadoc.jar","isSystem":false,"isOwn":false,"isTest":false,"isJavaContent":false},{"kind":"binary","path":"C:\\Users\\Lenovo\\.m2\\repository\\net\\bytebuddy\\byte-buddy-agent\\1.10.8\\byte-buddy-agent-1.10.8.jar","sourceContainerUrl":"file:/C:/Users/Lenovo/.m2/repository/net/bytebuddy/byte-buddy-agent/1.10.8/byte-buddy-agent-1.10.8-sources.jar","javadocContainerUrl":"file:/C:/Users/Lenovo/.m2/repository/net/bytebuddy/byte-buddy-agent/1.10.8/byte-buddy-agent-1.10.8-javadoc.jar","isSystem":false,"isOwn":false,"isTest":false,"isJavaContent":false},{"kind":"binary","path":"C:\\Users\\Lenovo\\.m2\\repository\\org\\objenesis\\objenesis\\2.6\\objenesis-2.6.jar","sourceContainerUrl":"file:/C:/Users/Lenovo/.m2/repository/org/objenesis/objenesis/2.6/objenesis-2.6-sources.jar","javadocContainerUrl":"file:/C:/Users/Lenovo/.m2/repository/org/objenesis/objenesis/2.6/objenesis-2.6-javadoc.jar","isSystem":false,"isOwn":false,"isTest":false,"isJavaContent":false},{"kind":"binary","path":"C:\\Users\\Lenovo\\.m2\\repository\\org\\skyscreamer\\jsonassert\\1.5.0\\jsonassert-1.5.0.jar","sourceContainerUrl":"file:/C:/Users/Lenovo/.m2/repository/org/skyscreamer/jsonassert/1.5.0/jsonassert-1.5.0-sources.jar","javadocContainerUrl":"file:/C:/Users/Lenovo/.m2/repository/org/skyscreamer/jsonassert/1.5.0/jsonassert-1.5.0-javadoc.jar","isSystem":false,"isOwn":false,"isTest":false,"isJavaContent":false},{"kind":"binary","path":"C:\\Users\\Lenovo\\.m2\\repository\\com\\vaadin\\external\\google\\android-json\\0.0.20131108.vaadin1\\android-json-0.0.20131108.vaadin1.jar","sourceContainerUrl":"file:/C:/Users/Lenovo/.m2/repository/com/vaadin/external/google/android-json/0.0.20131108.vaadin1/android-json-0.0.20131108.vaadin1-sources.jar","javadocContainerUrl":"file:/C:/Users/Lenovo/.m2/repository/com/vaadin/external/google/android-json/0.0.20131108.vaadin1/android-json-0.0.20131108.vaadin1-javadoc.jar","isSystem":false,"isOwn":false,"isTest":false,"isJavaContent":false},{"kind":"binary","path":"C:\\Users\\Lenovo\\.m2\\repository\\org\\springframework\\spring-core\\5.2.5.RELEASE\\spring-core-5.2.5.RELEASE.jar","sourceContainerUrl":"file:/C:/Users/Lenovo/.m2/repository/org/springframework/spring-core/5.2.5.RELEASE/spring-core-5.2.5.RELEASE-sources.jar","javadocContainerUrl":"file:/C:/Users/Lenovo/.m2/repository/org/springframework/spring-core/5.2.5.RELEASE/spring-core-5.2.5.RELEASE-javadoc.jar","isSystem":false,"isOwn":false,"isTest":false,"isJavaContent":false},{"kind":"binary","path":"C:\\Users\\Lenovo\\.m2\\repository\\org\\springframework\\spring-jcl\\5.2.5.RELEASE\\spring-jcl-5.2.5.RELEASE.jar","sourceContainerUrl":"file:/C:/Users/Lenovo/.m2/repository/org/springframework/spring-jcl/5.2.5.RELEASE/spring-jcl-5.2.5.RELEASE-sources.jar","javadocContainerUrl":"file:/C:/Users/Lenovo/.m2/repository/org/springframework/spring-jcl/5.2.5.RELEASE/spring-jcl-5.2.5.RELEASE-javadoc.jar","isSystem":false,"isOwn":false,"isTest":false,"isJavaContent":false},{"kind":"binary","path":"C:\\Users\\Lenovo\\.m2\\repository\\org\\springframework\\spring-test\\5.2.5.RELEASE\\spring-test-5.2.5.RELEASE.jar","sourceContainerUrl":"file:/C:/Users/Lenovo/.m2/repository/org/springframework/spring-test/5.2.5.RELEASE/spring-test-5.2.5.RELEASE-sources.jar","javadocContainerUrl":"file:/C:/Users/Lenovo/.m2/repository/org/springframework/spring-test/5.2.5.RELEASE/spring-test-5.2.5.RELEASE-javadoc.jar","isSystem":false,"isOwn":false,"isTest":false,"isJavaContent":false},{"kind":"binary","path":"C:\\Users\\Lenovo\\.m2\\repository\\org\\xmlunit\\xmlunit-core\\2.6.4\\xmlunit-core-2.6.4.jar","sourceContainerUrl":"file:/C:/Users/Lenovo/.m2/repository/org/xmlunit/xmlunit-core/2.6.4/xmlunit-core-2.6.4-sources.jar","javadocContainerUrl":"file:/C:/Users/Lenovo/.m2/repository/org/xmlunit/xmlunit-core/2.6.4/xmlunit-core-2.6.4-javadoc.jar","isSystem":false,"isOwn":false,"isTest":false,"isJavaContent":false},{"kind":"binary","path":"C:\\Users\\Lenovo\\.m2\\repository\\org\\springframework\\boot\\spring-boot-starter-actuator\\2.2.6.RELEASE\\spring-boot-starter-actuator-2.2.6.RELEASE.jar","sourceContainerUrl":"file:/C:/Users/Lenovo/.m2/repository/org/springframework/boot/spring-boot-starter-actuator/2.2.6.RELEASE/spring-boot-starter-actuator-2.2.6.RELEASE-sources.jar","isSystem":false,"isOwn":false,"isTest":false,"isJavaContent":false},{"kind":"binary","path":"C:\\Users\\Lenovo\\.m2\\repository\\org\\springframework\\boot\\spring-boot-actuator-autoconfigure\\2.2.6.RELEASE\\spring-boot-actuator-autoconfigure-2.2.6.RELEASE.jar","sourceContainerUrl":"file:/C:/Users/Lenovo/.m2/repository/org/springframework/boot/spring-boot-actuator-autoconfigure/2.2.6.RELEASE/spring-boot-actuator-autoconfigure-2.2.6.RELEASE-sources.jar","javadocContainerUrl":"file:/C:/Users/Lenovo/.m2/repository/org/springframework/boot/spring-boot-actuator-autoconfigure/2.2.6.RELEASE/spring-boot-actuator-autoconfigure-2.2.6.RELEASE-javadoc.jar","isSystem":false,"isOwn":false,"isTest":false,"isJavaContent":false},{"kind":"binary","path":"C:\\Users\\Lenovo\\.m2\\repository\\org\\springframework\\boot\\spring-boot-actuator\\2.2.6.RELEASE\\spring-boot-actuator-2.2.6.RELEASE.jar","sourceContainerUrl":"file:/C:/Users/Lenovo/.m2/repository/org/springframework/boot/spring-boot-actuator/2.2.6.RELEASE/spring-boot-actuator-2.2.6.RELEASE-sources.jar","javadocContainerUrl":"file:/C:/Users/Lenovo/.m2/repository/org/springframework/boot/spring-boot-actuator/2.2.6.RELEASE/spring-boot-actuator-2.2.6.RELEASE-javadoc.jar","isSystem":false,"isOwn":false,"isTest":false,"isJavaContent":false},{"kind":"binary","path":"C:\\Users\\Lenovo\\.m2\\repository\\io\\micrometer\\micrometer-core\\1.3.6\\micrometer-core-1.3.6.jar","sourceContainerUrl":"file:/C:/Users/Lenovo/.m2/repository/io/micrometer/micrometer-core/1.3.6/micrometer-core-1.3.6-sources.jar","javadocContainerUrl":"file:/C:/Users/Lenovo/.m2/repository/io/micrometer/micrometer-core/1.3.6/micrometer-core-1.3.6-javadoc.jar","isSystem":false,"isOwn":false,"isTest":false,"isJavaContent":false},{"kind":"binary","path":"C:\\Users\\Lenovo\\.m2\\repository\\org\\hdrhistogram\\HdrHistogram\\2.1.11\\HdrHistogram-2.1.11.jar","sourceContainerUrl":"file:/C:/Users/Lenovo/.m2/repository/org/hdrhistogram/HdrHistogram/2.1.11/HdrHistogram-2.1.11-sources.jar","javadocContainerUrl":"file:/C:/Users/Lenovo/.m2/repository/org/hdrhistogram/HdrHistogram/2.1.11/HdrHistogram-2.1.11-javadoc.jar","isSystem":false,"isOwn":false,"isTest":false,"isJavaContent":false},{"kind":"binary","path":"C:\\Users\\Lenovo\\.m2\\repository\\org\\latencyutils\\LatencyUtils\\2.0.3\\LatencyUtils-2.0.3.jar","sourceContainerUrl":"file:/C:/Users/Lenovo/.m2/repository/org/latencyutils/LatencyUtils/2.0.3/LatencyUtils-2.0.3-sources.jar","javadocContainerUrl":"file:/C:/Users/Lenovo/.m2/repository/org/latencyutils/LatencyUtils/2.0.3/LatencyUtils-2.0.3-javadoc.jar","isSystem":false,"isOwn":false,"isTest":false,"isJavaContent":false},{"kind":"binary","path":"C:\\Users\\Lenovo\\.m2\\repository\\org\\springframework\\boot\\spring-boot-devtools\\2.2.6.RELEASE\\spring-boot-devtools-2.2.6.RELEASE.jar","sourceContainerUrl":"file:/C:/Users/Lenovo/.m2/repository/org/springframework/boot/spring-boot-devtools/2.2.6.RELEASE/spring-boot-devtools-2.2.6.RELEASE-sources.jar","javadocContainerUrl":"file:/C:/Users/Lenovo/.m2/repository/org/springframework/boot/spring-boot-devtools/2.2.6.RELEASE/spring-boot-devtools-2.2.6.RELEASE-javadoc.jar","isSystem":false,"isOwn":false,"isTest":false,"isJavaContent":false},{"kind":"binary","path":"C:\\Users\\Lenovo\\.m2\\repository\\org\\springframework\\boot\\spring-boot\\2.2.6.RELEASE\\spring-boot-2.2.6.RELEASE.jar","sourceContainerUrl":"file:/C:/Users/Lenovo/.m2/repository/org/springframework/boot/spring-boot/2.2.6.RELEASE/spring-boot-2.2.6.RELEASE-sources.jar","javadocContainerUrl":"file:/C:/Users/Lenovo/.m2/repository/org/springframework/boot/spring-boot/2.2.6.RELEASE/spring-boot-2.2.6.RELEASE-javadoc.jar","isSystem":false,"isOwn":false,"isTest":false,"isJavaContent":false},{"kind":"binary","path":"C:\\Users\\Lenovo\\.m2\\repository\\org\\springframework\\boot\\spring-boot-autoconfigure\\2.2.6.RELEASE\\spring-boot-autoconfigure-2.2.6.RELEASE.jar","sourceContainerUrl":"file:/C:/Users/Lenovo/.m2/repository/org/springframework/boot/spring-boot-autoconfigure/2.2.6.RELEASE/spring-boot-autoconfigure-2.2.6.RELEASE-sources.jar","javadocContainerUrl":"file:/C:/Users/Lenovo/.m2/repository/org/springframework/boot/spring-boot-autoconfigure/2.2.6.RELEASE/spring-boot-autoconfigure-2.2.6.RELEASE-javadoc.jar","isSystem":false,"isOwn":false,"isTest":false,"isJavaContent":false},{"kind":"source","path":"D:\\IBMJava\\consul schol-student service\\Consul-Admin-Server\\src\\main\\java","outputFolder":"D:\\IBMJava\\consul schol-student service\\Consul-Admin-Server\\target\\classes","javadocContainerUrl":"file:/D:/IBMJava/consul%20schol-student%20service/Consul-Admin-Server/target/site/apidocs","isSystem":false,"isOwn":true,"isTest":false,"isJavaContent":true},{"kind":"source","path":"D:\\IBMJava\\consul schol-student service\\Consul-Admin-Server\\src\\test\\java","outputFolder":"D:\\IBMJava\\consul schol-student service\\Consul-Admin-Server\\target\\test-classes","javadocContainerUrl":"file:/D:/IBMJava/consul%20schol-student%20service/Consul-Admin-Server/target/site/apidocs","isSystem":false,"isOwn":true,"isTest":true,"isJavaContent":true},{"kind":"source","path":"D:\\IBMJava\\consul schol-student service\\Consul-Admin-Server\\src\\main\\resources","outputFolder":"D:\\IBMJava\\consul schol-student service\\Consul-Admin-Server\\target\\classes","isSystem":false,"isOwn":true,"isTest":false,"isJavaContent":false},{"kind":"source","path":"D:\\IBMJava\\consul schol-student service\\Consul-Admin-Server\\src\\test\\resources","outputFolder":"D:\\IBMJava\\consul schol-student service\\Consul-Admin-Server\\target\\test-classes","isSystem":false,"isOwn":true,"isTest":true,"isJavaContent":false},{"kind":"source","path":"D:\\IBMJava\\consul schol-student service\\Consul-Admin-Server\\src\\test\\java","outputFolder":"D:\\IBMJava\\consul schol-student service\\Consul-Admin-Server\\target\\test-classes","javadocContainerUrl":"file:/D:/IBMJava/consul%20schol-student%20service/Consul-Admin-Server/target/site/apidocs","isSystem":false,"isOwn":true,"isTest":false,"isJavaContent":false}]}