<?xml version="1.0" encoding="UTF-8"?>
<configuration>

  <property name="DEV_HOME" value="c:/logs" />

	<appender name="STDOUT" class="ch.qos.logback.core.ConsoleAppender">
		<layout class="ch.qos.logback.classic.PatternLayout">
			<Pattern>
				%d{yyyy-MM-dd HH:mm:ss} %-5level %logger{36} - %msg%n
			</Pattern>
		</layout>
	</appender>
	
	
	<appender name="FILE-AUDIT"
		class="ch.qos.logback.core.rolling.RollingFileAppender">
		<file>${DEV_HOME}/debug.log</file>
		<encoder class="ch.qos.logback.classic.encoder.PatternLayoutEncoder">
			<Pattern>
				%d{yyyy-MM-dd HH:mm:ss} - %msg%n
			</Pattern>
		</encoder>

		<rollingPolicy class="ch.qos.logback.core.rolling.TimeBasedRollingPolicy">
			<!-- rollover daily -->
			<fileNamePattern>${DEV_HOME}/archived/debug.%d{yyyy-MM-dd}.%i.log
                        </fileNamePattern>
			<timeBasedFileNamingAndTriggeringPolicy
				class="ch.qos.logback.core.rolling.SizeAndTimeBasedFNATP">
				<maxFileSize>10MB</maxFileSize>
			</timeBasedFileNamingAndTriggeringPolicy>
		</rollingPolicy>

	</appender>

	 <logger name="org.springframework" level="debug" additivity="false">
		<appender-ref ref="STDOUT" />
	</logger>
	
	<logger name="com.test.model" level="debug" additivity="false">
		<appender-ref ref="STDOUT" />
	</logger> 
	
	<logger name="com.test.dao" level="debug"
		additivity="false">
		<appender-ref ref="FILE-AUDIT" />
	</logger>
	<logger name="org.springframework" level="debug"
		additivity="false">
		<appender-ref ref="FILE-AUDIT" />
	</logger>
	
	
	<root level="error">
		<appender-ref ref="FILE-AUDIT" />
	</root>
	
	
	<root level="error">
		<appender-ref ref="STDOUT" />
	</root>

</configuration>