<?xml version="1.0" encoding="UTF-8"?>
<!DOCTYPE hibernate-mapping PUBLIC
"-//Hibernate/Hibernate Mapping DTD 3.0//EN"
"http://hibernate.sourceforge.net/hibernate-mapping-3.0.dtd">

<hibernate-mapping>
<class name="com.fi.First_Hibernate.Category" table="category">
	<id name="categoryId" column="catId" type="java.lang.Integer" ></id>
	<property name="categoryName" column="catName" type="java.lang.String" ></property>
	<property name="categoryDescription" column="catDesc" type="java.lang.String" ></property>
	<property name="categoryImageUrl" column="catImgUrl" type="java.lang.String" ></property>
	</class>
</hibernate-mapping>