{"name":"hibernate-application","classpathEntries":[{"kind":"binary","path":"C:\\Program Files\\Java\\jdk-12.0.1\\lib\\jrt-fs.jar","sourceContainerUrl":"file:/C:/Program%20Files/Java/jdk-12.0.1/lib/src.zip","javadocContainerUrl":"https://docs.oracle.com/javase/12/docs/api/","isSystem":true,"isOwn":false,"isTest":false,"isJavaContent":false},{"kind":"binary","path":"C:\\Users\\Lenovo\\.m2\\repository\\org\\hibernate\\hibernate-entitymanager\\5.4.12.Final\\hibernate-entitymanager-5.4.12.Final.jar","sourceContainerUrl":"file:/C:/Users/Lenovo/.m2/repository/org/hibernate/hibernate-entitymanager/5.4.12.Final/hibernate-entitymanager-5.4.12.Final-sources.jar","javadocContainerUrl":"file:/C:/Users/Lenovo/.m2/repository/org/hibernate/hibernate-entitymanager/5.4.12.Final/hibernate-entitymanager-5.4.12.Final-javadoc.jar","isSystem":false,"isOwn":false,"isTest":false,"isJavaContent":false},{"kind":"binary","path":"C:\\Users\\Lenovo\\.m2\\repository\\org\\jboss\\logging\\jboss-logging\\3.4.1.Final\\jboss-logging-3.4.1.Final.jar","sourceContainerUrl":"file:/C:/Users/Lenovo/.m2/repository/org/jboss/logging/jboss-logging/3.4.1.Final/jboss-logging-3.4.1.Final-sources.jar","javadocContainerUrl":"file:/C:/Users/Lenovo/.m2/repository/org/jboss/logging/jboss-logging/3.4.1.Final/jboss-logging-3.4.1.Final-javadoc.jar","isSystem":false,"isOwn":false,"isTest":false,"isJavaContent":false},{"kind":"binary","path":"C:\\Users\\Lenovo\\.m2\\repository\\org\\dom4j\\dom4j\\2.1.1\\dom4j-2.1.1.jar","sourceContainerUrl":"file:/C:/Users/Lenovo/.m2/repository/org/dom4j/dom4j/2.1.1/dom4j-2.1.1-sources.jar","javadocContainerUrl":"file:/C:/Users/Lenovo/.m2/repository/org/dom4j/dom4j/2.1.1/dom4j-2.1.1-javadoc.jar","isSystem":false,"isOwn":false,"isTest":false,"isJavaContent":false},{"kind":"binary","path":"C:\\Users\\Lenovo\\.m2\\repository\\org\\hibernate\\common\\hibernate-commons-annotations\\5.1.0.Final\\hibernate-commons-annotations-5.1.0.Final.jar","sourceContainerUrl":"file:/C:/Users/Lenovo/.m2/repository/org/hibernate/common/hibernate-commons-annotations/5.1.0.Final/hibernate-commons-annotations-5.1.0.Final-sources.jar","isSystem":false,"isOwn":false,"isTest":false,"isJavaContent":false},{"kind":"binary","path":"C:\\Users\\Lenovo\\.m2\\repository\\javax\\persistence\\javax.persistence-api\\2.2\\javax.persistence-api-2.2.jar","sourceContainerUrl":"file:/C:/Users/Lenovo/.m2/repository/javax/persistence/javax.persistence-api/2.2/javax.persistence-api-2.2-sources.jar","javadocContainerUrl":"file:/C:/Users/Lenovo/.m2/repository/javax/persistence/javax.persistence-api/2.2/javax.persistence-api-2.2-javadoc.jar","isSystem":false,"isOwn":false,"isTest":false,"isJavaContent":false},{"kind":"binary","path":"C:\\Users\\Lenovo\\.m2\\repository\\net\\bytebuddy\\byte-buddy\\1.10.8\\byte-buddy-1.10.8.jar","sourceContainerUrl":"file:/C:/Users/Lenovo/.m2/repository/net/bytebuddy/byte-buddy/1.10.8/byte-buddy-1.10.8-sources.jar","javadocContainerUrl":"file:/C:/Users/Lenovo/.m2/repository/net/bytebuddy/byte-buddy/1.10.8/byte-buddy-1.10.8-javadoc.jar","isSystem":false,"isOwn":false,"isTest":false,"isJavaContent":false},{"kind":"binary","path":"C:\\Users\\Lenovo\\.m2\\repository\\org\\jboss\\spec\\javax\\transaction\\jboss-transaction-api_1.2_spec\\1.1.1.Final\\jboss-transaction-api_1.2_spec-1.1.1.Final.jar","sourceContainerUrl":"file:/C:/Users/Lenovo/.m2/repository/org/jboss/spec/javax/transaction/jboss-transaction-api_1.2_spec/1.1.1.Final/jboss-transaction-api_1.2_spec-1.1.1.Final-sources.jar","javadocContainerUrl":"file:/C:/Users/Lenovo/.m2/repository/org/jboss/spec/javax/transaction/jboss-transaction-api_1.2_spec/1.1.1.Final/jboss-transaction-api_1.2_spec-1.1.1.Final-javadoc.jar","isSystem":false,"isOwn":false,"isTest":false,"isJavaContent":false},{"kind":"binary","path":"C:\\Users\\Lenovo\\.m2\\repository\\org\\hibernate\\hibernate-core\\5.4.12.Final\\hibernate-core-5.4.12.Final.jar","sourceContainerUrl":"file:/C:/Users/Lenovo/.m2/repository/org/hibernate/hibernate-core/5.4.12.Final/hibernate-core-5.4.12.Final-sources.jar","javadocContainerUrl":"file:/C:/Users/Lenovo/.m2/repository/org/hibernate/hibernate-core/5.4.12.Final/hibernate-core-5.4.12.Final-javadoc.jar","isSystem":false,"isOwn":false,"isTest":false,"isJavaContent":false},{"kind":"binary","path":"C:\\Users\\Lenovo\\.m2\\repository\\org\\javassist\\javassist\\3.24.0-GA\\javassist-3.24.0-GA.jar","sourceContainerUrl":"file:/C:/Users/Lenovo/.m2/repository/org/javassist/javassist/3.24.0-GA/javassist-3.24.0-GA-sources.jar","javadocContainerUrl":"file:/C:/Users/Lenovo/.m2/repository/org/javassist/javassist/3.24.0-GA/javassist-3.24.0-GA-javadoc.jar","isSystem":false,"isOwn":false,"isTest":false,"isJavaContent":false},{"kind":"binary","path":"C:\\Users\\Lenovo\\.m2\\repository\\antlr\\antlr\\2.7.7\\antlr-2.7.7.jar","isSystem":false,"isOwn":false,"isTest":false,"isJavaContent":false},{"kind":"binary","path":"C:\\Users\\Lenovo\\.m2\\repository\\org\\jboss\\jandex\\2.1.1.Final\\jandex-2.1.1.Final.jar","sourceContainerUrl":"file:/C:/Users/Lenovo/.m2/repository/org/jboss/jandex/2.1.1.Final/jandex-2.1.1.Final-sources.jar","isSystem":false,"isOwn":false,"isTest":false,"isJavaContent":false},{"kind":"binary","path":"C:\\Users\\Lenovo\\.m2\\repository\\com\\fasterxml\\classmate\\1.5.1\\classmate-1.5.1.jar","sourceContainerUrl":"file:/C:/Users/Lenovo/.m2/repository/com/fasterxml/classmate/1.5.1/classmate-1.5.1-sources.jar","javadocContainerUrl":"file:/C:/Users/Lenovo/.m2/repository/com/fasterxml/classmate/1.5.1/classmate-1.5.1-javadoc.jar","isSystem":false,"isOwn":false,"isTest":false,"isJavaContent":false},{"kind":"binary","path":"C:\\Users\\Lenovo\\.m2\\repository\\javax\\activation\\javax.activation-api\\1.2.0\\javax.activation-api-1.2.0.jar","sourceContainerUrl":"file:/C:/Users/Lenovo/.m2/repository/javax/activation/javax.activation-api/1.2.0/javax.activation-api-1.2.0-sources.jar","javadocContainerUrl":"file:/C:/Users/Lenovo/.m2/repository/javax/activation/javax.activation-api/1.2.0/javax.activation-api-1.2.0-javadoc.jar","isSystem":false,"isOwn":false,"isTest":false,"isJavaContent":false},{"kind":"binary","path":"C:\\Users\\Lenovo\\.m2\\repository\\javax\\xml\\bind\\jaxb-api\\2.3.1\\jaxb-api-2.3.1.jar","sourceContainerUrl":"file:/C:/Users/Lenovo/.m2/repository/javax/xml/bind/jaxb-api/2.3.1/jaxb-api-2.3.1-sources.jar","javadocContainerUrl":"file:/C:/Users/Lenovo/.m2/repository/javax/xml/bind/jaxb-api/2.3.1/jaxb-api-2.3.1-javadoc.jar","isSystem":false,"isOwn":false,"isTest":false,"isJavaContent":false},{"kind":"binary","path":"C:\\Users\\Lenovo\\.m2\\repository\\org\\glassfish\\jaxb\\jaxb-runtime\\2.3.2\\jaxb-runtime-2.3.2.jar","sourceContainerUrl":"file:/C:/Users/Lenovo/.m2/repository/org/glassfish/jaxb/jaxb-runtime/2.3.2/jaxb-runtime-2.3.2-sources.jar","javadocContainerUrl":"file:/C:/Users/Lenovo/.m2/repository/org/glassfish/jaxb/jaxb-runtime/2.3.2/jaxb-runtime-2.3.2-javadoc.jar","isSystem":false,"isOwn":false,"isTest":false,"isJavaContent":false},{"kind":"binary","path":"C:\\Users\\Lenovo\\.m2\\repository\\org\\glassfish\\jaxb\\txw2\\2.3.2\\txw2-2.3.2.jar","sourceContainerUrl":"file:/C:/Users/Lenovo/.m2/repository/org/glassfish/jaxb/txw2/2.3.2/txw2-2.3.2-sources.jar","javadocContainerUrl":"file:/C:/Users/Lenovo/.m2/repository/org/glassfish/jaxb/txw2/2.3.2/txw2-2.3.2-javadoc.jar","isSystem":false,"isOwn":false,"isTest":false,"isJavaContent":false},{"kind":"binary","path":"C:\\Users\\Lenovo\\.m2\\repository\\com\\sun\\istack\\istack-commons-runtime\\3.0.8\\istack-commons-runtime-3.0.8.jar","sourceContainerUrl":"file:/C:/Users/Lenovo/.m2/repository/com/sun/istack/istack-commons-runtime/3.0.8/istack-commons-runtime-3.0.8-sources.jar","javadocContainerUrl":"file:/C:/Users/Lenovo/.m2/repository/com/sun/istack/istack-commons-runtime/3.0.8/istack-commons-runtime-3.0.8-javadoc.jar","isSystem":false,"isOwn":false,"isTest":false,"isJavaContent":false},{"kind":"binary","path":"C:\\Users\\Lenovo\\.m2\\repository\\org\\jvnet\\staxex\\stax-ex\\1.8.1\\stax-ex-1.8.1.jar","sourceContainerUrl":"file:/C:/Users/Lenovo/.m2/repository/org/jvnet/staxex/stax-ex/1.8.1/stax-ex-1.8.1-sources.jar","javadocContainerUrl":"file:/C:/Users/Lenovo/.m2/repository/org/jvnet/staxex/stax-ex/1.8.1/stax-ex-1.8.1-javadoc.jar","isSystem":false,"isOwn":false,"isTest":false,"isJavaContent":false},{"kind":"binary","path":"C:\\Users\\Lenovo\\.m2\\repository\\com\\sun\\xml\\fastinfoset\\FastInfoset\\1.2.16\\FastInfoset-1.2.16.jar","sourceContainerUrl":"file:/C:/Users/Lenovo/.m2/repository/com/sun/xml/fastinfoset/FastInfoset/1.2.16/FastInfoset-1.2.16-sources.jar","javadocContainerUrl":"file:/C:/Users/Lenovo/.m2/repository/com/sun/xml/fastinfoset/FastInfoset/1.2.16/FastInfoset-1.2.16-javadoc.jar","isSystem":false,"isOwn":false,"isTest":false,"isJavaContent":false},{"kind":"binary","path":"C:\\Users\\Lenovo\\.m2\\repository\\jakarta\\activation\\jakarta.activation-api\\1.2.2\\jakarta.activation-api-1.2.2.jar","sourceContainerUrl":"file:/C:/Users/Lenovo/.m2/repository/jakarta/activation/jakarta.activation-api/1.2.2/jakarta.activation-api-1.2.2-sources.jar","javadocContainerUrl":"file:/C:/Users/Lenovo/.m2/repository/jakarta/activation/jakarta.activation-api/1.2.2/jakarta.activation-api-1.2.2-javadoc.jar","isSystem":false,"isOwn":false,"isTest":false,"isJavaContent":false},{"kind":"binary","path":"C:\\Users\\Lenovo\\.m2\\repository\\commons-dbcp\\commons-dbcp\\1.4\\commons-dbcp-1.4.jar","sourceContainerUrl":"file:/C:/Users/Lenovo/.m2/repository/commons-dbcp/commons-dbcp/1.4/commons-dbcp-1.4-sources.jar","javadocContainerUrl":"file:/C:/Users/Lenovo/.m2/repository/commons-dbcp/commons-dbcp/1.4/commons-dbcp-1.4-javadoc.jar","isSystem":false,"isOwn":false,"isTest":false,"isJavaContent":false},{"kind":"binary","path":"C:\\Users\\Lenovo\\.m2\\repository\\commons-pool\\commons-pool\\1.6\\commons-pool-1.6.jar","sourceContainerUrl":"file:/C:/Users/Lenovo/.m2/repository/commons-pool/commons-pool/1.6/commons-pool-1.6-sources.jar","javadocContainerUrl":"file:/C:/Users/Lenovo/.m2/repository/commons-pool/commons-pool/1.6/commons-pool-1.6-javadoc.jar","isSystem":false,"isOwn":false,"isTest":false,"isJavaContent":false},{"kind":"binary","path":"C:\\Users\\Lenovo\\.m2\\repository\\org\\springframework\\boot\\spring-boot-starter-hateoas\\2.2.6.RELEASE\\spring-boot-starter-hateoas-2.2.6.RELEASE.jar","sourceContainerUrl":"file:/C:/Users/Lenovo/.m2/repository/org/springframework/boot/spring-boot-starter-hateoas/2.2.6.RELEASE/spring-boot-starter-hateoas-2.2.6.RELEASE-sources.jar","isSystem":false,"isOwn":false,"isTest":false,"isJavaContent":false},{"kind":"binary","path":"C:\\Users\\Lenovo\\.m2\\repository\\org\\springframework\\hateoas\\spring-hateoas\\1.0.4.RELEASE\\spring-hateoas-1.0.4.RELEASE.jar","sourceContainerUrl":"file:/C:/Users/Lenovo/.m2/repository/org/springframework/hateoas/spring-hateoas/1.0.4.RELEASE/spring-hateoas-1.0.4.RELEASE-sources.jar","javadocContainerUrl":"file:/C:/Users/Lenovo/.m2/repository/org/springframework/hateoas/spring-hateoas/1.0.4.RELEASE/spring-hateoas-1.0.4.RELEASE-javadoc.jar","isSystem":false,"isOwn":false,"isTest":false,"isJavaContent":false},{"kind":"binary","path":"C:\\Users\\Lenovo\\.m2\\repository\\org\\springframework\\spring-aop\\5.2.5.RELEASE\\spring-aop-5.2.5.RELEASE.jar","sourceContainerUrl":"file:/C:/Users/Lenovo/.m2/repository/org/springframework/spring-aop/5.2.5.RELEASE/spring-aop-5.2.5.RELEASE-sources.jar","javadocContainerUrl":"file:/C:/Users/Lenovo/.m2/repository/org/springframework/spring-aop/5.2.5.RELEASE/spring-aop-5.2.5.RELEASE-javadoc.jar","isSystem":false,"isOwn":false,"isTest":false,"isJavaContent":false},{"kind":"binary","path":"C:\\Users\\Lenovo\\.m2\\repository\\org\\springframework\\spring-beans\\5.2.5.RELEASE\\spring-beans-5.2.5.RELEASE.jar","sourceContainerUrl":"file:/C:/Users/Lenovo/.m2/repository/org/springframework/spring-beans/5.2.5.RELEASE/spring-beans-5.2.5.RELEASE-sources.jar","javadocContainerUrl":"file:/C:/Users/Lenovo/.m2/repository/org/springframework/spring-beans/5.2.5.RELEASE/spring-beans-5.2.5.RELEASE-javadoc.jar","isSystem":false,"isOwn":false,"isTest":false,"isJavaContent":false},{"kind":"binary","path":"C:\\Users\\Lenovo\\.m2\\repository\\org\\springframework\\spring-context\\5.2.5.RELEASE\\spring-context-5.2.5.RELEASE.jar","sourceContainerUrl":"file:/C:/Users/Lenovo/.m2/repository/org/springframework/spring-context/5.2.5.RELEASE/spring-context-5.2.5.RELEASE-sources.jar","javadocContainerUrl":"file:/C:/Users/Lenovo/.m2/repository/org/springframework/spring-context/5.2.5.RELEASE/spring-context-5.2.5.RELEASE-javadoc.jar","isSystem":false,"isOwn":false,"isTest":false,"isJavaContent":false},{"kind":"binary","path":"C:\\Users\\Lenovo\\.m2\\repository\\org\\springframework\\plugin\\spring-plugin-core\\2.0.0.RELEASE\\spring-plugin-core-2.0.0.RELEASE.jar","sourceContainerUrl":"file:/C:/Users/Lenovo/.m2/repository/org/springframework/plugin/spring-plugin-core/2.0.0.RELEASE/spring-plugin-core-2.0.0.RELEASE-sources.jar","javadocContainerUrl":"file:/C:/Users/Lenovo/.m2/repository/org/springframework/plugin/spring-plugin-core/2.0.0.RELEASE/spring-plugin-core-2.0.0.RELEASE-javadoc.jar","isSystem":false,"isOwn":false,"isTest":false,"isJavaContent":false},{"kind":"binary","path":"C:\\Users\\Lenovo\\.m2\\repository\\org\\slf4j\\slf4j-api\\1.7.30\\slf4j-api-1.7.30.jar","sourceContainerUrl":"file:/C:/Users/Lenovo/.m2/repository/org/slf4j/slf4j-api/1.7.30/slf4j-api-1.7.30-sources.jar","javadocContainerUrl":"file:/C:/Users/Lenovo/.m2/repository/org/slf4j/slf4j-api/1.7.30/slf4j-api-1.7.30-javadoc.jar","isSystem":false,"isOwn":false,"isTest":false,"isJavaContent":false},{"kind":"binary","path":"C:\\Users\\Lenovo\\.m2\\repository\\org\\springframework\\boot\\spring-boot-starter-jdbc\\2.2.6.RELEASE\\spring-boot-starter-jdbc-2.2.6.RELEASE.jar","sourceContainerUrl":"file:/C:/Users/Lenovo/.m2/repository/org/springframework/boot/spring-boot-starter-jdbc/2.2.6.RELEASE/spring-boot-starter-jdbc-2.2.6.RELEASE-sources.jar","isSystem":false,"isOwn":false,"isTest":false,"isJavaContent":false},{"kind":"binary","path":"C:\\Users\\Lenovo\\.m2\\repository\\org\\springframework\\boot\\spring-boot-starter\\2.2.6.RELEASE\\spring-boot-starter-2.2.6.RELEASE.jar","sourceContainerUrl":"file:/C:/Users/Lenovo/.m2/repository/org/springframework/boot/spring-boot-starter/2.2.6.RELEASE/spring-boot-starter-2.2.6.RELEASE-sources.jar","isSystem":false,"isOwn":false,"isTest":false,"isJavaContent":false},{"kind":"binary","path":"C:\\Users\\Lenovo\\.m2\\repository\\org\\springframework\\boot\\spring-boot\\2.2.6.RELEASE\\spring-boot-2.2.6.RELEASE.jar","sourceContainerUrl":"file:/C:/Users/Lenovo/.m2/repository/org/springframework/boot/spring-boot/2.2.6.RELEASE/spring-boot-2.2.6.RELEASE-sources.jar","javadocContainerUrl":"file:/C:/Users/Lenovo/.m2/repository/org/springframework/boot/spring-boot/2.2.6.RELEASE/spring-boot-2.2.6.RELEASE-javadoc.jar","isSystem":false,"isOwn":false,"isTest":false,"isJavaContent":false},{"kind":"binary","path":"C:\\Users\\Lenovo\\.m2\\repository\\org\\springframework\\boot\\spring-boot-autoconfigure\\2.2.6.RELEASE\\spring-boot-autoconfigure-2.2.6.RELEASE.jar","sourceContainerUrl":"file:/C:/Users/Lenovo/.m2/repository/org/springframework/boot/spring-boot-autoconfigure/2.2.6.RELEASE/spring-boot-autoconfigure-2.2.6.RELEASE-sources.jar","javadocContainerUrl":"file:/C:/Users/Lenovo/.m2/repository/org/springframework/boot/spring-boot-autoconfigure/2.2.6.RELEASE/spring-boot-autoconfigure-2.2.6.RELEASE-javadoc.jar","isSystem":false,"isOwn":false,"isTest":false,"isJavaContent":false},{"kind":"binary","path":"C:\\Users\\Lenovo\\.m2\\repository\\org\\springframework\\boot\\spring-boot-starter-logging\\2.2.6.RELEASE\\spring-boot-starter-logging-2.2.6.RELEASE.jar","sourceContainerUrl":"file:/C:/Users/Lenovo/.m2/repository/org/springframework/boot/spring-boot-starter-logging/2.2.6.RELEASE/spring-boot-starter-logging-2.2.6.RELEASE-sources.jar","isSystem":false,"isOwn":false,"isTest":false,"isJavaContent":false},{"kind":"binary","path":"C:\\Users\\Lenovo\\.m2\\repository\\ch\\qos\\logback\\logback-classic\\1.2.3\\logback-classic-1.2.3.jar","sourceContainerUrl":"file:/C:/Users/Lenovo/.m2/repository/ch/qos/logback/logback-classic/1.2.3/logback-classic-1.2.3-sources.jar","javadocContainerUrl":"file:/C:/Users/Lenovo/.m2/repository/ch/qos/logback/logback-classic/1.2.3/logback-classic-1.2.3-javadoc.jar","isSystem":false,"isOwn":false,"isTest":false,"isJavaContent":false},{"kind":"binary","path":"C:\\Users\\Lenovo\\.m2\\repository\\ch\\qos\\logback\\logback-core\\1.2.3\\logback-core-1.2.3.jar","sourceContainerUrl":"file:/C:/Users/Lenovo/.m2/repository/ch/qos/logback/logback-core/1.2.3/logback-core-1.2.3-sources.jar","javadocContainerUrl":"file:/C:/Users/Lenovo/.m2/repository/ch/qos/logback/logback-core/1.2.3/logback-core-1.2.3-javadoc.jar","isSystem":false,"isOwn":false,"isTest":false,"isJavaContent":false},{"kind":"binary","path":"C:\\Users\\Lenovo\\.m2\\repository\\org\\apache\\logging\\log4j\\log4j-to-slf4j\\2.12.1\\log4j-to-slf4j-2.12.1.jar","sourceContainerUrl":"file:/C:/Users/Lenovo/.m2/repository/org/apache/logging/log4j/log4j-to-slf4j/2.12.1/log4j-to-slf4j-2.12.1-sources.jar","javadocContainerUrl":"file:/C:/Users/Lenovo/.m2/repository/org/apache/logging/log4j/log4j-to-slf4j/2.12.1/log4j-to-slf4j-2.12.1-javadoc.jar","isSystem":false,"isOwn":false,"isTest":false,"isJavaContent":false},{"kind":"binary","path":"C:\\Users\\Lenovo\\.m2\\repository\\org\\apache\\logging\\log4j\\log4j-api\\2.12.1\\log4j-api-2.12.1.jar","sourceContainerUrl":"file:/C:/Users/Lenovo/.m2/repository/org/apache/logging/log4j/log4j-api/2.12.1/log4j-api-2.12.1-sources.jar","javadocContainerUrl":"file:/C:/Users/Lenovo/.m2/repository/org/apache/logging/log4j/log4j-api/2.12.1/log4j-api-2.12.1-javadoc.jar","isSystem":false,"isOwn":false,"isTest":false,"isJavaContent":false},{"kind":"binary","path":"C:\\Users\\Lenovo\\.m2\\repository\\org\\slf4j\\jul-to-slf4j\\1.7.30\\jul-to-slf4j-1.7.30.jar","sourceContainerUrl":"file:/C:/Users/Lenovo/.m2/repository/org/slf4j/jul-to-slf4j/1.7.30/jul-to-slf4j-1.7.30-sources.jar","javadocContainerUrl":"file:/C:/Users/Lenovo/.m2/repository/org/slf4j/jul-to-slf4j/1.7.30/jul-to-slf4j-1.7.30-javadoc.jar","isSystem":false,"isOwn":false,"isTest":false,"isJavaContent":false},{"kind":"binary","path":"C:\\Users\\Lenovo\\.m2\\repository\\org\\yaml\\snakeyaml\\1.25\\snakeyaml-1.25.jar","sourceContainerUrl":"file:/C:/Users/Lenovo/.m2/repository/org/yaml/snakeyaml/1.25/snakeyaml-1.25-sources.jar","javadocContainerUrl":"file:/C:/Users/Lenovo/.m2/repository/org/yaml/snakeyaml/1.25/snakeyaml-1.25-javadoc.jar","isSystem":false,"isOwn":false,"isTest":false,"isJavaContent":false},{"kind":"binary","path":"C:\\Users\\Lenovo\\.m2\\repository\\com\\zaxxer\\HikariCP\\3.4.2\\HikariCP-3.4.2.jar","sourceContainerUrl":"file:/C:/Users/Lenovo/.m2/repository/com/zaxxer/HikariCP/3.4.2/HikariCP-3.4.2-sources.jar","javadocContainerUrl":"file:/C:/Users/Lenovo/.m2/repository/com/zaxxer/HikariCP/3.4.2/HikariCP-3.4.2-javadoc.jar","isSystem":false,"isOwn":false,"isTest":false,"isJavaContent":false},{"kind":"binary","path":"C:\\Users\\Lenovo\\.m2\\repository\\org\\springframework\\spring-jdbc\\5.2.5.RELEASE\\spring-jdbc-5.2.5.RELEASE.jar","sourceContainerUrl":"file:/C:/Users/Lenovo/.m2/repository/org/springframework/spring-jdbc/5.2.5.RELEASE/spring-jdbc-5.2.5.RELEASE-sources.jar","javadocContainerUrl":"file:/C:/Users/Lenovo/.m2/repository/org/springframework/spring-jdbc/5.2.5.RELEASE/spring-jdbc-5.2.5.RELEASE-javadoc.jar","isSystem":false,"isOwn":false,"isTest":false,"isJavaContent":false},{"kind":"binary","path":"C:\\Users\\Lenovo\\.m2\\repository\\org\\springframework\\spring-tx\\5.2.5.RELEASE\\spring-tx-5.2.5.RELEASE.jar","sourceContainerUrl":"file:/C:/Users/Lenovo/.m2/repository/org/springframework/spring-tx/5.2.5.RELEASE/spring-tx-5.2.5.RELEASE-sources.jar","javadocContainerUrl":"file:/C:/Users/Lenovo/.m2/repository/org/springframework/spring-tx/5.2.5.RELEASE/spring-tx-5.2.5.RELEASE-javadoc.jar","isSystem":false,"isOwn":false,"isTest":false,"isJavaContent":false},{"kind":"binary","path":"C:\\Users\\Lenovo\\.m2\\repository\\org\\springframework\\boot\\spring-boot-starter-jersey\\2.2.6.RELEASE\\spring-boot-starter-jersey-2.2.6.RELEASE.jar","sourceContainerUrl":"file:/C:/Users/Lenovo/.m2/repository/org/springframework/boot/spring-boot-starter-jersey/2.2.6.RELEASE/spring-boot-starter-jersey-2.2.6.RELEASE-sources.jar","isSystem":false,"isOwn":false,"isTest":false,"isJavaContent":false},{"kind":"binary","path":"C:\\Users\\Lenovo\\.m2\\repository\\org\\springframework\\boot\\spring-boot-starter-json\\2.2.6.RELEASE\\spring-boot-starter-json-2.2.6.RELEASE.jar","sourceContainerUrl":"file:/C:/Users/Lenovo/.m2/repository/org/springframework/boot/spring-boot-starter-json/2.2.6.RELEASE/spring-boot-starter-json-2.2.6.RELEASE-sources.jar","isSystem":false,"isOwn":false,"isTest":false,"isJavaContent":false},{"kind":"binary","path":"C:\\Users\\Lenovo\\.m2\\repository\\com\\fasterxml\\jackson\\core\\jackson-databind\\2.10.3\\jackson-databind-2.10.3.jar","sourceContainerUrl":"file:/C:/Users/Lenovo/.m2/repository/com/fasterxml/jackson/core/jackson-databind/2.10.3/jackson-databind-2.10.3-sources.jar","javadocContainerUrl":"file:/C:/Users/Lenovo/.m2/repository/com/fasterxml/jackson/core/jackson-databind/2.10.3/jackson-databind-2.10.3-javadoc.jar","isSystem":false,"isOwn":false,"isTest":false,"isJavaContent":false},{"kind":"binary","path":"C:\\Users\\Lenovo\\.m2\\repository\\com\\fasterxml\\jackson\\core\\jackson-core\\2.10.3\\jackson-core-2.10.3.jar","sourceContainerUrl":"file:/C:/Users/Lenovo/.m2/repository/com/fasterxml/jackson/core/jackson-core/2.10.3/jackson-core-2.10.3-sources.jar","javadocContainerUrl":"file:/C:/Users/Lenovo/.m2/repository/com/fasterxml/jackson/core/jackson-core/2.10.3/jackson-core-2.10.3-javadoc.jar","isSystem":false,"isOwn":false,"isTest":false,"isJavaContent":false},{"kind":"binary","path":"C:\\Users\\Lenovo\\.m2\\repository\\com\\fasterxml\\jackson\\datatype\\jackson-datatype-jdk8\\2.10.3\\jackson-datatype-jdk8-2.10.3.jar","sourceContainerUrl":"file:/C:/Users/Lenovo/.m2/repository/com/fasterxml/jackson/datatype/jackson-datatype-jdk8/2.10.3/jackson-datatype-jdk8-2.10.3-sources.jar","javadocContainerUrl":"file:/C:/Users/Lenovo/.m2/repository/com/fasterxml/jackson/datatype/jackson-datatype-jdk8/2.10.3/jackson-datatype-jdk8-2.10.3-javadoc.jar","isSystem":false,"isOwn":false,"isTest":false,"isJavaContent":false},{"kind":"binary","path":"C:\\Users\\Lenovo\\.m2\\repository\\com\\fasterxml\\jackson\\datatype\\jackson-datatype-jsr310\\2.10.3\\jackson-datatype-jsr310-2.10.3.jar","sourceContainerUrl":"file:/C:/Users/Lenovo/.m2/repository/com/fasterxml/jackson/datatype/jackson-datatype-jsr310/2.10.3/jackson-datatype-jsr310-2.10.3-sources.jar","javadocContainerUrl":"file:/C:/Users/Lenovo/.m2/repository/com/fasterxml/jackson/datatype/jackson-datatype-jsr310/2.10.3/jackson-datatype-jsr310-2.10.3-javadoc.jar","isSystem":false,"isOwn":false,"isTest":false,"isJavaContent":false},{"kind":"binary","path":"C:\\Users\\Lenovo\\.m2\\repository\\com\\fasterxml\\jackson\\module\\jackson-module-parameter-names\\2.10.3\\jackson-module-parameter-names-2.10.3.jar","sourceContainerUrl":"file:/C:/Users/Lenovo/.m2/repository/com/fasterxml/jackson/module/jackson-module-parameter-names/2.10.3/jackson-module-parameter-names-2.10.3-sources.jar","javadocContainerUrl":"file:/C:/Users/Lenovo/.m2/repository/com/fasterxml/jackson/module/jackson-module-parameter-names/2.10.3/jackson-module-parameter-names-2.10.3-javadoc.jar","isSystem":false,"isOwn":false,"isTest":false,"isJavaContent":false},{"kind":"binary","path":"C:\\Users\\Lenovo\\.m2\\repository\\org\\springframework\\boot\\spring-boot-starter-validation\\2.2.6.RELEASE\\spring-boot-starter-validation-2.2.6.RELEASE.jar","sourceContainerUrl":"file:/C:/Users/Lenovo/.m2/repository/org/springframework/boot/spring-boot-starter-validation/2.2.6.RELEASE/spring-boot-starter-validation-2.2.6.RELEASE-sources.jar","isSystem":false,"isOwn":false,"isTest":false,"isJavaContent":false},{"kind":"binary","path":"C:\\Users\\Lenovo\\.m2\\repository\\jakarta\\validation\\jakarta.validation-api\\2.0.2\\jakarta.validation-api-2.0.2.jar","sourceContainerUrl":"file:/C:/Users/Lenovo/.m2/repository/jakarta/validation/jakarta.validation-api/2.0.2/jakarta.validation-api-2.0.2-sources.jar","javadocContainerUrl":"file:/C:/Users/Lenovo/.m2/repository/jakarta/validation/jakarta.validation-api/2.0.2/jakarta.validation-api-2.0.2-javadoc.jar","isSystem":false,"isOwn":false,"isTest":false,"isJavaContent":false},{"kind":"binary","path":"C:\\Users\\Lenovo\\.m2\\repository\\org\\hibernate\\validator\\hibernate-validator\\6.0.18.Final\\hibernate-validator-6.0.18.Final.jar","sourceContainerUrl":"file:/C:/Users/Lenovo/.m2/repository/org/hibernate/validator/hibernate-validator/6.0.18.Final/hibernate-validator-6.0.18.Final-sources.jar","isSystem":false,"isOwn":false,"isTest":false,"isJavaContent":false},{"kind":"binary","path":"C:\\Users\\Lenovo\\.m2\\repository\\jakarta\\annotation\\jakarta.annotation-api\\1.3.5\\jakarta.annotation-api-1.3.5.jar","sourceContainerUrl":"file:/C:/Users/Lenovo/.m2/repository/jakarta/annotation/jakarta.annotation-api/1.3.5/jakarta.annotation-api-1.3.5-sources.jar","javadocContainerUrl":"file:/C:/Users/Lenovo/.m2/repository/jakarta/annotation/jakarta.annotation-api/1.3.5/jakarta.annotation-api-1.3.5-javadoc.jar","isSystem":false,"isOwn":false,"isTest":false,"isJavaContent":false},{"kind":"binary","path":"C:\\Users\\Lenovo\\.m2\\repository\\jakarta\\ws\\rs\\jakarta.ws.rs-api\\2.1.6\\jakarta.ws.rs-api-2.1.6.jar","sourceContainerUrl":"file:/C:/Users/Lenovo/.m2/repository/jakarta/ws/rs/jakarta.ws.rs-api/2.1.6/jakarta.ws.rs-api-2.1.6-sources.jar","javadocContainerUrl":"file:/C:/Users/Lenovo/.m2/repository/jakarta/ws/rs/jakarta.ws.rs-api/2.1.6/jakarta.ws.rs-api-2.1.6-javadoc.jar","isSystem":false,"isOwn":false,"isTest":false,"isJavaContent":false},{"kind":"binary","path":"C:\\Users\\Lenovo\\.m2\\repository\\org\\springframework\\spring-web\\5.2.5.RELEASE\\spring-web-5.2.5.RELEASE.jar","sourceContainerUrl":"file:/C:/Users/Lenovo/.m2/repository/org/springframework/spring-web/5.2.5.RELEASE/spring-web-5.2.5.RELEASE-sources.jar","javadocContainerUrl":"file:/C:/Users/Lenovo/.m2/repository/org/springframework/spring-web/5.2.5.RELEASE/spring-web-5.2.5.RELEASE-javadoc.jar","isSystem":false,"isOwn":false,"isTest":false,"isJavaContent":false},{"kind":"binary","path":"C:\\Users\\Lenovo\\.m2\\repository\\org\\glassfish\\jersey\\core\\jersey-server\\2.29.1\\jersey-server-2.29.1.jar","sourceContainerUrl":"file:/C:/Users/Lenovo/.m2/repository/org/glassfish/jersey/core/jersey-server/2.29.1/jersey-server-2.29.1-sources.jar","javadocContainerUrl":"file:/C:/Users/Lenovo/.m2/repository/org/glassfish/jersey/core/jersey-server/2.29.1/jersey-server-2.29.1-javadoc.jar","isSystem":false,"isOwn":false,"isTest":false,"isJavaContent":false},{"kind":"binary","path":"C:\\Users\\Lenovo\\.m2\\repository\\org\\glassfish\\jersey\\core\\jersey-common\\2.29.1\\jersey-common-2.29.1.jar","sourceContainerUrl":"file:/C:/Users/Lenovo/.m2/repository/org/glassfish/jersey/core/jersey-common/2.29.1/jersey-common-2.29.1-sources.jar","javadocContainerUrl":"file:/C:/Users/Lenovo/.m2/repository/org/glassfish/jersey/core/jersey-common/2.29.1/jersey-common-2.29.1-javadoc.jar","isSystem":false,"isOwn":false,"isTest":false,"isJavaContent":false},{"kind":"binary","path":"C:\\Users\\Lenovo\\.m2\\repository\\org\\glassfish\\hk2\\osgi-resource-locator\\1.0.3\\osgi-resource-locator-1.0.3.jar","sourceContainerUrl":"file:/C:/Users/Lenovo/.m2/repository/org/glassfish/hk2/osgi-resource-locator/1.0.3/osgi-resource-locator-1.0.3-sources.jar","javadocContainerUrl":"file:/C:/Users/Lenovo/.m2/repository/org/glassfish/hk2/osgi-resource-locator/1.0.3/osgi-resource-locator-1.0.3-javadoc.jar","isSystem":false,"isOwn":false,"isTest":false,"isJavaContent":false},{"kind":"binary","path":"C:\\Users\\Lenovo\\.m2\\repository\\com\\sun\\activation\\jakarta.activation\\1.2.2\\jakarta.activation-1.2.2.jar","sourceContainerUrl":"file:/C:/Users/Lenovo/.m2/repository/com/sun/activation/jakarta.activation/1.2.2/jakarta.activation-1.2.2-sources.jar","javadocContainerUrl":"file:/C:/Users/Lenovo/.m2/repository/com/sun/activation/jakarta.activation/1.2.2/jakarta.activation-1.2.2-javadoc.jar","isSystem":false,"isOwn":false,"isTest":false,"isJavaContent":false},{"kind":"binary","path":"C:\\Users\\Lenovo\\.m2\\repository\\org\\glassfish\\jersey\\core\\jersey-client\\2.29.1\\jersey-client-2.29.1.jar","sourceContainerUrl":"file:/C:/Users/Lenovo/.m2/repository/org/glassfish/jersey/core/jersey-client/2.29.1/jersey-client-2.29.1-sources.jar","javadocContainerUrl":"file:/C:/Users/Lenovo/.m2/repository/org/glassfish/jersey/core/jersey-client/2.29.1/jersey-client-2.29.1-javadoc.jar","isSystem":false,"isOwn":false,"isTest":false,"isJavaContent":false},{"kind":"binary","path":"C:\\Users\\Lenovo\\.m2\\repository\\org\\glassfish\\jersey\\media\\jersey-media-jaxb\\2.29.1\\jersey-media-jaxb-2.29.1.jar","sourceContainerUrl":"file:/C:/Users/Lenovo/.m2/repository/org/glassfish/jersey/media/jersey-media-jaxb/2.29.1/jersey-media-jaxb-2.29.1-sources.jar","javadocContainerUrl":"file:/C:/Users/Lenovo/.m2/repository/org/glassfish/jersey/media/jersey-media-jaxb/2.29.1/jersey-media-jaxb-2.29.1-javadoc.jar","isSystem":false,"isOwn":false,"isTest":false,"isJavaContent":false},{"kind":"binary","path":"C:\\Users\\Lenovo\\.m2\\repository\\org\\glassfish\\hk2\\external\\jakarta.inject\\2.6.1\\jakarta.inject-2.6.1.jar","sourceContainerUrl":"file:/C:/Users/Lenovo/.m2/repository/org/glassfish/hk2/external/jakarta.inject/2.6.1/jakarta.inject-2.6.1-sources.jar","javadocContainerUrl":"file:/C:/Users/Lenovo/.m2/repository/org/glassfish/hk2/external/jakarta.inject/2.6.1/jakarta.inject-2.6.1-javadoc.jar","isSystem":false,"isOwn":false,"isTest":false,"isJavaContent":false},{"kind":"binary","path":"C:\\Users\\Lenovo\\.m2\\repository\\org\\glassfish\\jersey\\containers\\jersey-container-servlet-core\\2.29.1\\jersey-container-servlet-core-2.29.1.jar","sourceContainerUrl":"file:/C:/Users/Lenovo/.m2/repository/org/glassfish/jersey/containers/jersey-container-servlet-core/2.29.1/jersey-container-servlet-core-2.29.1-sources.jar","javadocContainerUrl":"file:/C:/Users/Lenovo/.m2/repository/org/glassfish/jersey/containers/jersey-container-servlet-core/2.29.1/jersey-container-servlet-core-2.29.1-javadoc.jar","isSystem":false,"isOwn":false,"isTest":false,"isJavaContent":false},{"kind":"binary","path":"C:\\Users\\Lenovo\\.m2\\repository\\org\\glassfish\\jersey\\containers\\jersey-container-servlet\\2.29.1\\jersey-container-servlet-2.29.1.jar","sourceContainerUrl":"file:/C:/Users/Lenovo/.m2/repository/org/glassfish/jersey/containers/jersey-container-servlet/2.29.1/jersey-container-servlet-2.29.1-sources.jar","javadocContainerUrl":"file:/C:/Users/Lenovo/.m2/repository/org/glassfish/jersey/containers/jersey-container-servlet/2.29.1/jersey-container-servlet-2.29.1-javadoc.jar","isSystem":false,"isOwn":false,"isTest":false,"isJavaContent":false},{"kind":"binary","path":"C:\\Users\\Lenovo\\.m2\\repository\\org\\glassfish\\jersey\\ext\\jersey-bean-validation\\2.29.1\\jersey-bean-validation-2.29.1.jar","sourceContainerUrl":"file:/C:/Users/Lenovo/.m2/repository/org/glassfish/jersey/ext/jersey-bean-validation/2.29.1/jersey-bean-validation-2.29.1-sources.jar","javadocContainerUrl":"file:/C:/Users/Lenovo/.m2/repository/org/glassfish/jersey/ext/jersey-bean-validation/2.29.1/jersey-bean-validation-2.29.1-javadoc.jar","isSystem":false,"isOwn":false,"isTest":false,"isJavaContent":false},{"kind":"binary","path":"C:\\Users\\Lenovo\\.m2\\repository\\org\\glassfish\\jersey\\ext\\jersey-spring5\\2.29.1\\jersey-spring5-2.29.1.jar","sourceContainerUrl":"file:/C:/Users/Lenovo/.m2/repository/org/glassfish/jersey/ext/jersey-spring5/2.29.1/jersey-spring5-2.29.1-sources.jar","javadocContainerUrl":"file:/C:/Users/Lenovo/.m2/repository/org/glassfish/jersey/ext/jersey-spring5/2.29.1/jersey-spring5-2.29.1-javadoc.jar","isSystem":false,"isOwn":false,"isTest":false,"isJavaContent":false},{"kind":"binary","path":"C:\\Users\\Lenovo\\.m2\\repository\\org\\glassfish\\jersey\\inject\\jersey-hk2\\2.29.1\\jersey-hk2-2.29.1.jar","sourceContainerUrl":"file:/C:/Users/Lenovo/.m2/repository/org/glassfish/jersey/inject/jersey-hk2/2.29.1/jersey-hk2-2.29.1-sources.jar","javadocContainerUrl":"file:/C:/Users/Lenovo/.m2/repository/org/glassfish/jersey/inject/jersey-hk2/2.29.1/jersey-hk2-2.29.1-javadoc.jar","isSystem":false,"isOwn":false,"isTest":false,"isJavaContent":false},{"kind":"binary","path":"C:\\Users\\Lenovo\\.m2\\repository\\org\\glassfish\\hk2\\hk2-locator\\2.6.1\\hk2-locator-2.6.1.jar","sourceContainerUrl":"file:/C:/Users/Lenovo/.m2/repository/org/glassfish/hk2/hk2-locator/2.6.1/hk2-locator-2.6.1-sources.jar","javadocContainerUrl":"file:/C:/Users/Lenovo/.m2/repository/org/glassfish/hk2/hk2-locator/2.6.1/hk2-locator-2.6.1-javadoc.jar","isSystem":false,"isOwn":false,"isTest":false,"isJavaContent":false},{"kind":"binary","path":"C:\\Users\\Lenovo\\.m2\\repository\\org\\glassfish\\hk2\\external\\aopalliance-repackaged\\2.6.1\\aopalliance-repackaged-2.6.1.jar","sourceContainerUrl":"file:/C:/Users/Lenovo/.m2/repository/org/glassfish/hk2/external/aopalliance-repackaged/2.6.1/aopalliance-repackaged-2.6.1-sources.jar","javadocContainerUrl":"file:/C:/Users/Lenovo/.m2/repository/org/glassfish/hk2/external/aopalliance-repackaged/2.6.1/aopalliance-repackaged-2.6.1-javadoc.jar","isSystem":false,"isOwn":false,"isTest":false,"isJavaContent":false},{"kind":"binary","path":"C:\\Users\\Lenovo\\.m2\\repository\\org\\glassfish\\hk2\\hk2\\2.6.1\\hk2-2.6.1.jar","sourceContainerUrl":"file:/C:/Users/Lenovo/.m2/repository/org/glassfish/hk2/hk2/2.6.1/hk2-2.6.1-sources.jar","javadocContainerUrl":"file:/C:/Users/Lenovo/.m2/repository/org/glassfish/hk2/hk2/2.6.1/hk2-2.6.1-javadoc.jar","isSystem":false,"isOwn":false,"isTest":false,"isJavaContent":false},{"kind":"binary","path":"C:\\Users\\Lenovo\\.m2\\repository\\org\\glassfish\\hk2\\hk2-utils\\2.6.1\\hk2-utils-2.6.1.jar","sourceContainerUrl":"file:/C:/Users/Lenovo/.m2/repository/org/glassfish/hk2/hk2-utils/2.6.1/hk2-utils-2.6.1-sources.jar","javadocContainerUrl":"file:/C:/Users/Lenovo/.m2/repository/org/glassfish/hk2/hk2-utils/2.6.1/hk2-utils-2.6.1-javadoc.jar","isSystem":false,"isOwn":false,"isTest":false,"isJavaContent":false},{"kind":"binary","path":"C:\\Users\\Lenovo\\.m2\\repository\\org\\glassfish\\hk2\\hk2-api\\2.6.1\\hk2-api-2.6.1.jar","sourceContainerUrl":"file:/C:/Users/Lenovo/.m2/repository/org/glassfish/hk2/hk2-api/2.6.1/hk2-api-2.6.1-sources.jar","javadocContainerUrl":"file:/C:/Users/Lenovo/.m2/repository/org/glassfish/hk2/hk2-api/2.6.1/hk2-api-2.6.1-javadoc.jar","isSystem":false,"isOwn":false,"isTest":false,"isJavaContent":false},{"kind":"binary","path":"C:\\Users\\Lenovo\\.m2\\repository\\org\\glassfish\\hk2\\hk2-core\\2.6.1\\hk2-core-2.6.1.jar","sourceContainerUrl":"file:/C:/Users/Lenovo/.m2/repository/org/glassfish/hk2/hk2-core/2.6.1/hk2-core-2.6.1-sources.jar","javadocContainerUrl":"file:/C:/Users/Lenovo/.m2/repository/org/glassfish/hk2/hk2-core/2.6.1/hk2-core-2.6.1-javadoc.jar","isSystem":false,"isOwn":false,"isTest":false,"isJavaContent":false},{"kind":"binary","path":"C:\\Users\\Lenovo\\.m2\\repository\\org\\glassfish\\hk2\\hk2-runlevel\\2.6.1\\hk2-runlevel-2.6.1.jar","sourceContainerUrl":"file:/C:/Users/Lenovo/.m2/repository/org/glassfish/hk2/hk2-runlevel/2.6.1/hk2-runlevel-2.6.1-sources.jar","javadocContainerUrl":"file:/C:/Users/Lenovo/.m2/repository/org/glassfish/hk2/hk2-runlevel/2.6.1/hk2-runlevel-2.6.1-javadoc.jar","isSystem":false,"isOwn":false,"isTest":false,"isJavaContent":false},{"kind":"binary","path":"C:\\Users\\Lenovo\\.m2\\repository\\org\\glassfish\\hk2\\class-model\\2.6.1\\class-model-2.6.1.jar","sourceContainerUrl":"file:/C:/Users/Lenovo/.m2/repository/org/glassfish/hk2/class-model/2.6.1/class-model-2.6.1-sources.jar","javadocContainerUrl":"file:/C:/Users/Lenovo/.m2/repository/org/glassfish/hk2/class-model/2.6.1/class-model-2.6.1-javadoc.jar","isSystem":false,"isOwn":false,"isTest":false,"isJavaContent":false},{"kind":"binary","path":"C:\\Users\\Lenovo\\.m2\\repository\\org\\ow2\\asm\\asm\\7.1\\asm-7.1.jar","sourceContainerUrl":"file:/C:/Users/Lenovo/.m2/repository/org/ow2/asm/asm/7.1/asm-7.1-sources.jar","javadocContainerUrl":"file:/C:/Users/Lenovo/.m2/repository/org/ow2/asm/asm/7.1/asm-7.1-javadoc.jar","isSystem":false,"isOwn":false,"isTest":false,"isJavaContent":false},{"kind":"binary","path":"C:\\Users\\Lenovo\\.m2\\repository\\org\\ow2\\asm\\asm-analysis\\7.1\\asm-analysis-7.1.jar","sourceContainerUrl":"file:/C:/Users/Lenovo/.m2/repository/org/ow2/asm/asm-analysis/7.1/asm-analysis-7.1-sources.jar","javadocContainerUrl":"file:/C:/Users/Lenovo/.m2/repository/org/ow2/asm/asm-analysis/7.1/asm-analysis-7.1-javadoc.jar","isSystem":false,"isOwn":false,"isTest":false,"isJavaContent":false},{"kind":"binary","path":"C:\\Users\\Lenovo\\.m2\\repository\\org\\ow2\\asm\\asm-commons\\7.1\\asm-commons-7.1.jar","sourceContainerUrl":"file:/C:/Users/Lenovo/.m2/repository/org/ow2/asm/asm-commons/7.1/asm-commons-7.1-sources.jar","javadocContainerUrl":"file:/C:/Users/Lenovo/.m2/repository/org/ow2/asm/asm-commons/7.1/asm-commons-7.1-javadoc.jar","isSystem":false,"isOwn":false,"isTest":false,"isJavaContent":false},{"kind":"binary","path":"C:\\Users\\Lenovo\\.m2\\repository\\org\\ow2\\asm\\asm-tree\\7.1\\asm-tree-7.1.jar","sourceContainerUrl":"file:/C:/Users/Lenovo/.m2/repository/org/ow2/asm/asm-tree/7.1/asm-tree-7.1-sources.jar","javadocContainerUrl":"file:/C:/Users/Lenovo/.m2/repository/org/ow2/asm/asm-tree/7.1/asm-tree-7.1-javadoc.jar","isSystem":false,"isOwn":false,"isTest":false,"isJavaContent":false},{"kind":"binary","path":"C:\\Users\\Lenovo\\.m2\\repository\\org\\ow2\\asm\\asm-util\\7.1\\asm-util-7.1.jar","sourceContainerUrl":"file:/C:/Users/Lenovo/.m2/repository/org/ow2/asm/asm-util/7.1/asm-util-7.1-sources.jar","javadocContainerUrl":"file:/C:/Users/Lenovo/.m2/repository/org/ow2/asm/asm-util/7.1/asm-util-7.1-javadoc.jar","isSystem":false,"isOwn":false,"isTest":false,"isJavaContent":false},{"kind":"binary","path":"C:\\Users\\Lenovo\\.m2\\repository\\org\\glassfish\\hk2\\spring-bridge\\2.6.1\\spring-bridge-2.6.1.jar","sourceContainerUrl":"file:/C:/Users/Lenovo/.m2/repository/org/glassfish/hk2/spring-bridge/2.6.1/spring-bridge-2.6.1-sources.jar","javadocContainerUrl":"file:/C:/Users/Lenovo/.m2/repository/org/glassfish/hk2/spring-bridge/2.6.1/spring-bridge-2.6.1-javadoc.jar","isSystem":false,"isOwn":false,"isTest":false,"isJavaContent":false},{"kind":"binary","path":"C:\\Users\\Lenovo\\.m2\\repository\\org\\glassfish\\jersey\\media\\jersey-media-json-jackson\\2.29.1\\jersey-media-json-jackson-2.29.1.jar","sourceContainerUrl":"file:/C:/Users/Lenovo/.m2/repository/org/glassfish/jersey/media/jersey-media-json-jackson/2.29.1/jersey-media-json-jackson-2.29.1-sources.jar","javadocContainerUrl":"file:/C:/Users/Lenovo/.m2/repository/org/glassfish/jersey/media/jersey-media-json-jackson/2.29.1/jersey-media-json-jackson-2.29.1-javadoc.jar","isSystem":false,"isOwn":false,"isTest":false,"isJavaContent":false},{"kind":"binary","path":"C:\\Users\\Lenovo\\.m2\\repository\\org\\glassfish\\jersey\\ext\\jersey-entity-filtering\\2.29.1\\jersey-entity-filtering-2.29.1.jar","sourceContainerUrl":"file:/C:/Users/Lenovo/.m2/repository/org/glassfish/jersey/ext/jersey-entity-filtering/2.29.1/jersey-entity-filtering-2.29.1-sources.jar","javadocContainerUrl":"file:/C:/Users/Lenovo/.m2/repository/org/glassfish/jersey/ext/jersey-entity-filtering/2.29.1/jersey-entity-filtering-2.29.1-javadoc.jar","isSystem":false,"isOwn":false,"isTest":false,"isJavaContent":false},{"kind":"binary","path":"C:\\Users\\Lenovo\\.m2\\repository\\com\\fasterxml\\jackson\\core\\jackson-annotations\\2.10.3\\jackson-annotations-2.10.3.jar","sourceContainerUrl":"file:/C:/Users/Lenovo/.m2/repository/com/fasterxml/jackson/core/jackson-annotations/2.10.3/jackson-annotations-2.10.3-sources.jar","javadocContainerUrl":"file:/C:/Users/Lenovo/.m2/repository/com/fasterxml/jackson/core/jackson-annotations/2.10.3/jackson-annotations-2.10.3-javadoc.jar","isSystem":false,"isOwn":false,"isTest":false,"isJavaContent":false},{"kind":"binary","path":"C:\\Users\\Lenovo\\.m2\\repository\\com\\fasterxml\\jackson\\module\\jackson-module-jaxb-annotations\\2.10.3\\jackson-module-jaxb-annotations-2.10.3.jar","sourceContainerUrl":"file:/C:/Users/Lenovo/.m2/repository/com/fasterxml/jackson/module/jackson-module-jaxb-annotations/2.10.3/jackson-module-jaxb-annotations-2.10.3-sources.jar","javadocContainerUrl":"file:/C:/Users/Lenovo/.m2/repository/com/fasterxml/jackson/module/jackson-module-jaxb-annotations/2.10.3/jackson-module-jaxb-annotations-2.10.3-javadoc.jar","isSystem":false,"isOwn":false,"isTest":false,"isJavaContent":false},{"kind":"binary","path":"C:\\Users\\Lenovo\\.m2\\repository\\jakarta\\xml\\bind\\jakarta.xml.bind-api\\2.3.3\\jakarta.xml.bind-api-2.3.3.jar","sourceContainerUrl":"file:/C:/Users/Lenovo/.m2/repository/jakarta/xml/bind/jakarta.xml.bind-api/2.3.3/jakarta.xml.bind-api-2.3.3-sources.jar","javadocContainerUrl":"file:/C:/Users/Lenovo/.m2/repository/jakarta/xml/bind/jakarta.xml.bind-api/2.3.3/jakarta.xml.bind-api-2.3.3-javadoc.jar","isSystem":false,"isOwn":false,"isTest":false,"isJavaContent":false},{"kind":"binary","path":"C:\\Users\\Lenovo\\.m2\\repository\\org\\springframework\\boot\\spring-boot-starter-web\\2.2.6.RELEASE\\spring-boot-starter-web-2.2.6.RELEASE.jar","sourceContainerUrl":"file:/C:/Users/Lenovo/.m2/repository/org/springframework/boot/spring-boot-starter-web/2.2.6.RELEASE/spring-boot-starter-web-2.2.6.RELEASE-sources.jar","isSystem":false,"isOwn":false,"isTest":false,"isJavaContent":false},{"kind":"binary","path":"C:\\Users\\Lenovo\\.m2\\repository\\org\\springframework\\spring-webmvc\\5.2.5.RELEASE\\spring-webmvc-5.2.5.RELEASE.jar","sourceContainerUrl":"file:/C:/Users/Lenovo/.m2/repository/org/springframework/spring-webmvc/5.2.5.RELEASE/spring-webmvc-5.2.5.RELEASE-sources.jar","javadocContainerUrl":"file:/C:/Users/Lenovo/.m2/repository/org/springframework/spring-webmvc/5.2.5.RELEASE/spring-webmvc-5.2.5.RELEASE-javadoc.jar","isSystem":false,"isOwn":false,"isTest":false,"isJavaContent":false},{"kind":"binary","path":"C:\\Users\\Lenovo\\.m2\\repository\\org\\springframework\\spring-expression\\5.2.5.RELEASE\\spring-expression-5.2.5.RELEASE.jar","sourceContainerUrl":"file:/C:/Users/Lenovo/.m2/repository/org/springframework/spring-expression/5.2.5.RELEASE/spring-expression-5.2.5.RELEASE-sources.jar","javadocContainerUrl":"file:/C:/Users/Lenovo/.m2/repository/org/springframework/spring-expression/5.2.5.RELEASE/spring-expression-5.2.5.RELEASE-javadoc.jar","isSystem":false,"isOwn":false,"isTest":false,"isJavaContent":false},{"kind":"binary","path":"C:\\Users\\Lenovo\\.m2\\repository\\org\\springframework\\boot\\spring-boot-starter-web-services\\2.2.6.RELEASE\\spring-boot-starter-web-services-2.2.6.RELEASE.jar","sourceContainerUrl":"file:/C:/Users/Lenovo/.m2/repository/org/springframework/boot/spring-boot-starter-web-services/2.2.6.RELEASE/spring-boot-starter-web-services-2.2.6.RELEASE-sources.jar","isSystem":false,"isOwn":false,"isTest":false,"isJavaContent":false},{"kind":"binary","path":"C:\\Users\\Lenovo\\.m2\\repository\\com\\sun\\xml\\messaging\\saaj\\saaj-impl\\1.5.1\\saaj-impl-1.5.1.jar","sourceContainerUrl":"file:/C:/Users/Lenovo/.m2/repository/com/sun/xml/messaging/saaj/saaj-impl/1.5.1/saaj-impl-1.5.1-sources.jar","javadocContainerUrl":"file:/C:/Users/Lenovo/.m2/repository/com/sun/xml/messaging/saaj/saaj-impl/1.5.1/saaj-impl-1.5.1-javadoc.jar","isSystem":false,"isOwn":false,"isTest":false,"isJavaContent":false},{"kind":"binary","path":"C:\\Users\\Lenovo\\.m2\\repository\\jakarta\\xml\\soap\\jakarta.xml.soap-api\\1.4.2\\jakarta.xml.soap-api-1.4.2.jar","sourceContainerUrl":"file:/C:/Users/Lenovo/.m2/repository/jakarta/xml/soap/jakarta.xml.soap-api/1.4.2/jakarta.xml.soap-api-1.4.2-sources.jar","javadocContainerUrl":"file:/C:/Users/Lenovo/.m2/repository/jakarta/xml/soap/jakarta.xml.soap-api/1.4.2/jakarta.xml.soap-api-1.4.2-javadoc.jar","isSystem":false,"isOwn":false,"isTest":false,"isJavaContent":false},{"kind":"binary","path":"C:\\Users\\Lenovo\\.m2\\repository\\org\\jvnet\\mimepull\\mimepull\\1.9.13\\mimepull-1.9.13.jar","sourceContainerUrl":"file:/C:/Users/Lenovo/.m2/repository/org/jvnet/mimepull/mimepull/1.9.13/mimepull-1.9.13-sources.jar","javadocContainerUrl":"file:/C:/Users/Lenovo/.m2/repository/org/jvnet/mimepull/mimepull/1.9.13/mimepull-1.9.13-javadoc.jar","isSystem":false,"isOwn":false,"isTest":false,"isJavaContent":false},{"kind":"binary","path":"C:\\Users\\Lenovo\\.m2\\repository\\jakarta\\xml\\ws\\jakarta.xml.ws-api\\2.3.3\\jakarta.xml.ws-api-2.3.3.jar","sourceContainerUrl":"file:/C:/Users/Lenovo/.m2/repository/jakarta/xml/ws/jakarta.xml.ws-api/2.3.3/jakarta.xml.ws-api-2.3.3-sources.jar","javadocContainerUrl":"file:/C:/Users/Lenovo/.m2/repository/jakarta/xml/ws/jakarta.xml.ws-api/2.3.3/jakarta.xml.ws-api-2.3.3-javadoc.jar","isSystem":false,"isOwn":false,"isTest":false,"isJavaContent":false},{"kind":"binary","path":"C:\\Users\\Lenovo\\.m2\\repository\\jakarta\\jws\\jakarta.jws-api\\2.1.0\\jakarta.jws-api-2.1.0.jar","sourceContainerUrl":"file:/C:/Users/Lenovo/.m2/repository/jakarta/jws/jakarta.jws-api/2.1.0/jakarta.jws-api-2.1.0-sources.jar","javadocContainerUrl":"file:/C:/Users/Lenovo/.m2/repository/jakarta/jws/jakarta.jws-api/2.1.0/jakarta.jws-api-2.1.0-javadoc.jar","isSystem":false,"isOwn":false,"isTest":false,"isJavaContent":false},{"kind":"binary","path":"C:\\Users\\Lenovo\\.m2\\repository\\org\\springframework\\spring-oxm\\5.2.5.RELEASE\\spring-oxm-5.2.5.RELEASE.jar","sourceContainerUrl":"file:/C:/Users/Lenovo/.m2/repository/org/springframework/spring-oxm/5.2.5.RELEASE/spring-oxm-5.2.5.RELEASE-sources.jar","javadocContainerUrl":"file:/C:/Users/Lenovo/.m2/repository/org/springframework/spring-oxm/5.2.5.RELEASE/spring-oxm-5.2.5.RELEASE-javadoc.jar","isSystem":false,"isOwn":false,"isTest":false,"isJavaContent":false},{"kind":"binary","path":"C:\\Users\\Lenovo\\.m2\\repository\\org\\springframework\\ws\\spring-ws-core\\3.0.8.RELEASE\\spring-ws-core-3.0.8.RELEASE.jar","sourceContainerUrl":"file:/C:/Users/Lenovo/.m2/repository/org/springframework/ws/spring-ws-core/3.0.8.RELEASE/spring-ws-core-3.0.8.RELEASE-sources.jar","javadocContainerUrl":"file:/C:/Users/Lenovo/.m2/repository/org/springframework/ws/spring-ws-core/3.0.8.RELEASE/spring-ws-core-3.0.8.RELEASE-javadoc.jar","isSystem":false,"isOwn":false,"isTest":false,"isJavaContent":false},{"kind":"binary","path":"C:\\Users\\Lenovo\\.m2\\repository\\org\\springframework\\ws\\spring-xml\\3.0.8.RELEASE\\spring-xml-3.0.8.RELEASE.jar","sourceContainerUrl":"file:/C:/Users/Lenovo/.m2/repository/org/springframework/ws/spring-xml/3.0.8.RELEASE/spring-xml-3.0.8.RELEASE-sources.jar","javadocContainerUrl":"file:/C:/Users/Lenovo/.m2/repository/org/springframework/ws/spring-xml/3.0.8.RELEASE/spring-xml-3.0.8.RELEASE-javadoc.jar","isSystem":false,"isOwn":false,"isTest":false,"isJavaContent":false},{"kind":"binary","path":"C:\\Users\\Lenovo\\.m2\\repository\\mysql\\mysql-connector-java\\8.0.19\\mysql-connector-java-8.0.19.jar","sourceContainerUrl":"file:/C:/Users/Lenovo/.m2/repository/mysql/mysql-connector-java/8.0.19/mysql-connector-java-8.0.19-sources.jar","isSystem":false,"isOwn":false,"isTest":false,"isJavaContent":false},{"kind":"binary","path":"C:\\Users\\Lenovo\\.m2\\repository\\org\\springframework\\boot\\spring-boot-starter-tomcat\\2.2.6.RELEASE\\spring-boot-starter-tomcat-2.2.6.RELEASE.jar","sourceContainerUrl":"file:/C:/Users/Lenovo/.m2/repository/org/springframework/boot/spring-boot-starter-tomcat/2.2.6.RELEASE/spring-boot-starter-tomcat-2.2.6.RELEASE-sources.jar","isSystem":false,"isOwn":false,"isTest":false,"isJavaContent":false},{"kind":"binary","path":"C:\\Users\\Lenovo\\.m2\\repository\\org\\apache\\tomcat\\embed\\tomcat-embed-core\\9.0.33\\tomcat-embed-core-9.0.33.jar","sourceContainerUrl":"file:/C:/Users/Lenovo/.m2/repository/org/apache/tomcat/embed/tomcat-embed-core/9.0.33/tomcat-embed-core-9.0.33-sources.jar","isSystem":false,"isOwn":false,"isTest":false,"isJavaContent":false},{"kind":"binary","path":"C:\\Users\\Lenovo\\.m2\\repository\\org\\apache\\tomcat\\embed\\tomcat-embed-el\\9.0.33\\tomcat-embed-el-9.0.33.jar","sourceContainerUrl":"file:/C:/Users/Lenovo/.m2/repository/org/apache/tomcat/embed/tomcat-embed-el/9.0.33/tomcat-embed-el-9.0.33-sources.jar","isSystem":false,"isOwn":false,"isTest":false,"isJavaContent":false},{"kind":"binary","path":"C:\\Users\\Lenovo\\.m2\\repository\\org\\apache\\tomcat\\embed\\tomcat-embed-websocket\\9.0.33\\tomcat-embed-websocket-9.0.33.jar","sourceContainerUrl":"file:/C:/Users/Lenovo/.m2/repository/org/apache/tomcat/embed/tomcat-embed-websocket/9.0.33/tomcat-embed-websocket-9.0.33-sources.jar","isSystem":false,"isOwn":false,"isTest":false,"isJavaContent":false},{"kind":"binary","path":"C:\\Users\\Lenovo\\.m2\\repository\\org\\springframework\\boot\\spring-boot-starter-test\\2.2.6.RELEASE\\spring-boot-starter-test-2.2.6.RELEASE.jar","sourceContainerUrl":"file:/C:/Users/Lenovo/.m2/repository/org/springframework/boot/spring-boot-starter-test/2.2.6.RELEASE/spring-boot-starter-test-2.2.6.RELEASE-sources.jar","isSystem":false,"isOwn":false,"isTest":false,"isJavaContent":false},{"kind":"binary","path":"C:\\Users\\Lenovo\\.m2\\repository\\org\\springframework\\boot\\spring-boot-test\\2.2.6.RELEASE\\spring-boot-test-2.2.6.RELEASE.jar","sourceContainerUrl":"file:/C:/Users/Lenovo/.m2/repository/org/springframework/boot/spring-boot-test/2.2.6.RELEASE/spring-boot-test-2.2.6.RELEASE-sources.jar","javadocContainerUrl":"file:/C:/Users/Lenovo/.m2/repository/org/springframework/boot/spring-boot-test/2.2.6.RELEASE/spring-boot-test-2.2.6.RELEASE-javadoc.jar","isSystem":false,"isOwn":false,"isTest":false,"isJavaContent":false},{"kind":"binary","path":"C:\\Users\\Lenovo\\.m2\\repository\\org\\springframework\\boot\\spring-boot-test-autoconfigure\\2.2.6.RELEASE\\spring-boot-test-autoconfigure-2.2.6.RELEASE.jar","sourceContainerUrl":"file:/C:/Users/Lenovo/.m2/repository/org/springframework/boot/spring-boot-test-autoconfigure/2.2.6.RELEASE/spring-boot-test-autoconfigure-2.2.6.RELEASE-sources.jar","javadocContainerUrl":"file:/C:/Users/Lenovo/.m2/repository/org/springframework/boot/spring-boot-test-autoconfigure/2.2.6.RELEASE/spring-boot-test-autoconfigure-2.2.6.RELEASE-javadoc.jar","isSystem":false,"isOwn":false,"isTest":false,"isJavaContent":false},{"kind":"binary","path":"C:\\Users\\Lenovo\\.m2\\repository\\com\\jayway\\jsonpath\\json-path\\2.4.0\\json-path-2.4.0.jar","sourceContainerUrl":"file:/C:/Users/Lenovo/.m2/repository/com/jayway/jsonpath/json-path/2.4.0/json-path-2.4.0-sources.jar","javadocContainerUrl":"file:/C:/Users/Lenovo/.m2/repository/com/jayway/jsonpath/json-path/2.4.0/json-path-2.4.0-javadoc.jar","isSystem":false,"isOwn":false,"isTest":false,"isJavaContent":false},{"kind":"binary","path":"C:\\Users\\Lenovo\\.m2\\repository\\net\\minidev\\json-smart\\2.3\\json-smart-2.3.jar","sourceContainerUrl":"file:/C:/Users/Lenovo/.m2/repository/net/minidev/json-smart/2.3/json-smart-2.3-sources.jar","javadocContainerUrl":"file:/C:/Users/Lenovo/.m2/repository/net/minidev/json-smart/2.3/json-smart-2.3-javadoc.jar","isSystem":false,"isOwn":false,"isTest":false,"isJavaContent":false},{"kind":"binary","path":"C:\\Users\\Lenovo\\.m2\\repository\\net\\minidev\\accessors-smart\\1.2\\accessors-smart-1.2.jar","sourceContainerUrl":"file:/C:/Users/Lenovo/.m2/repository/net/minidev/accessors-smart/1.2/accessors-smart-1.2-sources.jar","javadocContainerUrl":"file:/C:/Users/Lenovo/.m2/repository/net/minidev/accessors-smart/1.2/accessors-smart-1.2-javadoc.jar","isSystem":false,"isOwn":false,"isTest":false,"isJavaContent":false},{"kind":"binary","path":"C:\\Users\\Lenovo\\.m2\\repository\\org\\junit\\jupiter\\junit-jupiter\\5.5.2\\junit-jupiter-5.5.2.jar","sourceContainerUrl":"file:/C:/Users/Lenovo/.m2/repository/org/junit/jupiter/junit-jupiter/5.5.2/junit-jupiter-5.5.2-sources.jar","javadocContainerUrl":"file:/C:/Users/Lenovo/.m2/repository/org/junit/jupiter/junit-jupiter/5.5.2/junit-jupiter-5.5.2-javadoc.jar","isSystem":false,"isOwn":false,"isTest":false,"isJavaContent":false},{"kind":"binary","path":"C:\\Users\\Lenovo\\.m2\\repository\\org\\junit\\jupiter\\junit-jupiter-api\\5.5.2\\junit-jupiter-api-5.5.2.jar","sourceContainerUrl":"file:/C:/Users/Lenovo/.m2/repository/org/junit/jupiter/junit-jupiter-api/5.5.2/junit-jupiter-api-5.5.2-sources.jar","javadocContainerUrl":"file:/C:/Users/Lenovo/.m2/repository/org/junit/jupiter/junit-jupiter-api/5.5.2/junit-jupiter-api-5.5.2-javadoc.jar","isSystem":false,"isOwn":false,"isTest":false,"isJavaContent":false},{"kind":"binary","path":"C:\\Users\\Lenovo\\.m2\\repository\\org\\apiguardian\\apiguardian-api\\1.1.0\\apiguardian-api-1.1.0.jar","sourceContainerUrl":"file:/C:/Users/Lenovo/.m2/repository/org/apiguardian/apiguardian-api/1.1.0/apiguardian-api-1.1.0-sources.jar","javadocContainerUrl":"file:/C:/Users/Lenovo/.m2/repository/org/apiguardian/apiguardian-api/1.1.0/apiguardian-api-1.1.0-javadoc.jar","isSystem":false,"isOwn":false,"isTest":false,"isJavaContent":false},{"kind":"binary","path":"C:\\Users\\Lenovo\\.m2\\repository\\org\\opentest4j\\opentest4j\\1.2.0\\opentest4j-1.2.0.jar","sourceContainerUrl":"file:/C:/Users/Lenovo/.m2/repository/org/opentest4j/opentest4j/1.2.0/opentest4j-1.2.0-sources.jar","javadocContainerUrl":"file:/C:/Users/Lenovo/.m2/repository/org/opentest4j/opentest4j/1.2.0/opentest4j-1.2.0-javadoc.jar","isSystem":false,"isOwn":false,"isTest":false,"isJavaContent":false},{"kind":"binary","path":"C:\\Users\\Lenovo\\.m2\\repository\\org\\junit\\platform\\junit-platform-commons\\1.5.2\\junit-platform-commons-1.5.2.jar","sourceContainerUrl":"file:/C:/Users/Lenovo/.m2/repository/org/junit/platform/junit-platform-commons/1.5.2/junit-platform-commons-1.5.2-sources.jar","javadocContainerUrl":"file:/C:/Users/Lenovo/.m2/repository/org/junit/platform/junit-platform-commons/1.5.2/junit-platform-commons-1.5.2-javadoc.jar","isSystem":false,"isOwn":false,"isTest":false,"isJavaContent":false},{"kind":"binary","path":"C:\\Users\\Lenovo\\.m2\\repository\\org\\junit\\jupiter\\junit-jupiter-params\\5.5.2\\junit-jupiter-params-5.5.2.jar","sourceContainerUrl":"file:/C:/Users/Lenovo/.m2/repository/org/junit/jupiter/junit-jupiter-params/5.5.2/junit-jupiter-params-5.5.2-sources.jar","javadocContainerUrl":"file:/C:/Users/Lenovo/.m2/repository/org/junit/jupiter/junit-jupiter-params/5.5.2/junit-jupiter-params-5.5.2-javadoc.jar","isSystem":false,"isOwn":false,"isTest":false,"isJavaContent":false},{"kind":"binary","path":"C:\\Users\\Lenovo\\.m2\\repository\\org\\junit\\jupiter\\junit-jupiter-engine\\5.5.2\\junit-jupiter-engine-5.5.2.jar","sourceContainerUrl":"file:/C:/Users/Lenovo/.m2/repository/org/junit/jupiter/junit-jupiter-engine/5.5.2/junit-jupiter-engine-5.5.2-sources.jar","javadocContainerUrl":"file:/C:/Users/Lenovo/.m2/repository/org/junit/jupiter/junit-jupiter-engine/5.5.2/junit-jupiter-engine-5.5.2-javadoc.jar","isSystem":false,"isOwn":false,"isTest":false,"isJavaContent":false},{"kind":"binary","path":"C:\\Users\\Lenovo\\.m2\\repository\\org\\junit\\platform\\junit-platform-engine\\1.5.2\\junit-platform-engine-1.5.2.jar","sourceContainerUrl":"file:/C:/Users/Lenovo/.m2/repository/org/junit/platform/junit-platform-engine/1.5.2/junit-platform-engine-1.5.2-sources.jar","javadocContainerUrl":"file:/C:/Users/Lenovo/.m2/repository/org/junit/platform/junit-platform-engine/1.5.2/junit-platform-engine-1.5.2-javadoc.jar","isSystem":false,"isOwn":false,"isTest":false,"isJavaContent":false},{"kind":"binary","path":"C:\\Users\\Lenovo\\.m2\\repository\\org\\mockito\\mockito-junit-jupiter\\3.1.0\\mockito-junit-jupiter-3.1.0.jar","sourceContainerUrl":"file:/C:/Users/Lenovo/.m2/repository/org/mockito/mockito-junit-jupiter/3.1.0/mockito-junit-jupiter-3.1.0-sources.jar","javadocContainerUrl":"file:/C:/Users/Lenovo/.m2/repository/org/mockito/mockito-junit-jupiter/3.1.0/mockito-junit-jupiter-3.1.0-javadoc.jar","isSystem":false,"isOwn":false,"isTest":false,"isJavaContent":false},{"kind":"binary","path":"C:\\Users\\Lenovo\\.m2\\repository\\org\\assertj\\assertj-core\\3.13.2\\assertj-core-3.13.2.jar","sourceContainerUrl":"file:/C:/Users/Lenovo/.m2/repository/org/assertj/assertj-core/3.13.2/assertj-core-3.13.2-sources.jar","javadocContainerUrl":"file:/C:/Users/Lenovo/.m2/repository/org/assertj/assertj-core/3.13.2/assertj-core-3.13.2-javadoc.jar","isSystem":false,"isOwn":false,"isTest":false,"isJavaContent":false},{"kind":"binary","path":"C:\\Users\\Lenovo\\.m2\\repository\\org\\hamcrest\\hamcrest\\2.1\\hamcrest-2.1.jar","sourceContainerUrl":"file:/C:/Users/Lenovo/.m2/repository/org/hamcrest/hamcrest/2.1/hamcrest-2.1-sources.jar","javadocContainerUrl":"file:/C:/Users/Lenovo/.m2/repository/org/hamcrest/hamcrest/2.1/hamcrest-2.1-javadoc.jar","isSystem":false,"isOwn":false,"isTest":false,"isJavaContent":false},{"kind":"binary","path":"C:\\Users\\Lenovo\\.m2\\repository\\org\\mockito\\mockito-core\\3.1.0\\mockito-core-3.1.0.jar","sourceContainerUrl":"file:/C:/Users/Lenovo/.m2/repository/org/mockito/mockito-core/3.1.0/mockito-core-3.1.0-sources.jar","javadocContainerUrl":"file:/C:/Users/Lenovo/.m2/repository/org/mockito/mockito-core/3.1.0/mockito-core-3.1.0-javadoc.jar","isSystem":false,"isOwn":false,"isTest":false,"isJavaContent":false},{"kind":"binary","path":"C:\\Users\\Lenovo\\.m2\\repository\\net\\bytebuddy\\byte-buddy-agent\\1.10.8\\byte-buddy-agent-1.10.8.jar","sourceContainerUrl":"file:/C:/Users/Lenovo/.m2/repository/net/bytebuddy/byte-buddy-agent/1.10.8/byte-buddy-agent-1.10.8-sources.jar","javadocContainerUrl":"file:/C:/Users/Lenovo/.m2/repository/net/bytebuddy/byte-buddy-agent/1.10.8/byte-buddy-agent-1.10.8-javadoc.jar","isSystem":false,"isOwn":false,"isTest":false,"isJavaContent":false},{"kind":"binary","path":"C:\\Users\\Lenovo\\.m2\\repository\\org\\objenesis\\objenesis\\2.6\\objenesis-2.6.jar","sourceContainerUrl":"file:/C:/Users/Lenovo/.m2/repository/org/objenesis/objenesis/2.6/objenesis-2.6-sources.jar","javadocContainerUrl":"file:/C:/Users/Lenovo/.m2/repository/org/objenesis/objenesis/2.6/objenesis-2.6-javadoc.jar","isSystem":false,"isOwn":false,"isTest":false,"isJavaContent":false},{"kind":"binary","path":"C:\\Users\\Lenovo\\.m2\\repository\\org\\skyscreamer\\jsonassert\\1.5.0\\jsonassert-1.5.0.jar","sourceContainerUrl":"file:/C:/Users/Lenovo/.m2/repository/org/skyscreamer/jsonassert/1.5.0/jsonassert-1.5.0-sources.jar","javadocContainerUrl":"file:/C:/Users/Lenovo/.m2/repository/org/skyscreamer/jsonassert/1.5.0/jsonassert-1.5.0-javadoc.jar","isSystem":false,"isOwn":false,"isTest":false,"isJavaContent":false},{"kind":"binary","path":"C:\\Users\\Lenovo\\.m2\\repository\\com\\vaadin\\external\\google\\android-json\\0.0.20131108.vaadin1\\android-json-0.0.20131108.vaadin1.jar","sourceContainerUrl":"file:/C:/Users/Lenovo/.m2/repository/com/vaadin/external/google/android-json/0.0.20131108.vaadin1/android-json-0.0.20131108.vaadin1-sources.jar","javadocContainerUrl":"file:/C:/Users/Lenovo/.m2/repository/com/vaadin/external/google/android-json/0.0.20131108.vaadin1/android-json-0.0.20131108.vaadin1-javadoc.jar","isSystem":false,"isOwn":false,"isTest":false,"isJavaContent":false},{"kind":"binary","path":"C:\\Users\\Lenovo\\.m2\\repository\\org\\springframework\\spring-core\\5.2.5.RELEASE\\spring-core-5.2.5.RELEASE.jar","sourceContainerUrl":"file:/C:/Users/Lenovo/.m2/repository/org/springframework/spring-core/5.2.5.RELEASE/spring-core-5.2.5.RELEASE-sources.jar","javadocContainerUrl":"file:/C:/Users/Lenovo/.m2/repository/org/springframework/spring-core/5.2.5.RELEASE/spring-core-5.2.5.RELEASE-javadoc.jar","isSystem":false,"isOwn":false,"isTest":false,"isJavaContent":false},{"kind":"binary","path":"C:\\Users\\Lenovo\\.m2\\repository\\org\\springframework\\spring-jcl\\5.2.5.RELEASE\\spring-jcl-5.2.5.RELEASE.jar","sourceContainerUrl":"file:/C:/Users/Lenovo/.m2/repository/org/springframework/spring-jcl/5.2.5.RELEASE/spring-jcl-5.2.5.RELEASE-sources.jar","javadocContainerUrl":"file:/C:/Users/Lenovo/.m2/repository/org/springframework/spring-jcl/5.2.5.RELEASE/spring-jcl-5.2.5.RELEASE-javadoc.jar","isSystem":false,"isOwn":false,"isTest":false,"isJavaContent":false},{"kind":"binary","path":"C:\\Users\\Lenovo\\.m2\\repository\\org\\springframework\\spring-test\\5.2.5.RELEASE\\spring-test-5.2.5.RELEASE.jar","sourceContainerUrl":"file:/C:/Users/Lenovo/.m2/repository/org/springframework/spring-test/5.2.5.RELEASE/spring-test-5.2.5.RELEASE-sources.jar","javadocContainerUrl":"file:/C:/Users/Lenovo/.m2/repository/org/springframework/spring-test/5.2.5.RELEASE/spring-test-5.2.5.RELEASE-javadoc.jar","isSystem":false,"isOwn":false,"isTest":false,"isJavaContent":false},{"kind":"binary","path":"C:\\Users\\Lenovo\\.m2\\repository\\org\\xmlunit\\xmlunit-core\\2.6.4\\xmlunit-core-2.6.4.jar","sourceContainerUrl":"file:/C:/Users/Lenovo/.m2/repository/org/xmlunit/xmlunit-core/2.6.4/xmlunit-core-2.6.4-sources.jar","javadocContainerUrl":"file:/C:/Users/Lenovo/.m2/repository/org/xmlunit/xmlunit-core/2.6.4/xmlunit-core-2.6.4-javadoc.jar","isSystem":false,"isOwn":false,"isTest":false,"isJavaContent":false},{"kind":"source","path":"D:\\IBMJava\\demo-hibernate-sample\\src\\main\\java","outputFolder":"D:\\IBMJava\\demo-hibernate-sample\\target\\classes","javadocContainerUrl":"file:/D:/IBMJava/demo-hibernate-sample/target/site/apidocs","isSystem":false,"isOwn":true,"isTest":false,"isJavaContent":true},{"kind":"source","path":"D:\\IBMJava\\demo-hibernate-sample\\src\\test\\java","outputFolder":"D:\\IBMJava\\demo-hibernate-sample\\target\\test-classes","javadocContainerUrl":"file:/D:/IBMJava/demo-hibernate-sample/target/site/apidocs","isSystem":false,"isOwn":true,"isTest":true,"isJavaContent":true},{"kind":"source","path":"D:\\IBMJava\\demo-hibernate-sample\\src\\main\\resources","outputFolder":"D:\\IBMJava\\demo-hibernate-sample\\target\\classes","isSystem":false,"isOwn":true,"isTest":false,"isJavaContent":false},{"kind":"source","path":"D:\\IBMJava\\demo-hibernate-sample\\src\\test\\resources","outputFolder":"D:\\IBMJava\\demo-hibernate-sample\\target\\test-classes","isSystem":false,"isOwn":true,"isTest":true,"isJavaContent":false},{"kind":"source","path":"D:\\IBMJava\\demo-hibernate-sample\\src\\test\\java","outputFolder":"D:\\IBMJava\\demo-hibernate-sample\\target\\test-classes","javadocContainerUrl":"file:/D:/IBMJava/demo-hibernate-sample/target/site/apidocs","isSystem":false,"isOwn":true,"isTest":false,"isJavaContent":false}]}